-- phpMyAdmin SQL Dump
-- version 5.2.1
-- https://www.phpmyadmin.net/
--
-- Host: 127.0.0.1
-- Generation Time: Lip 02, 2024 at 12:11 AM
-- Wersja serwera: 10.4.32-MariaDB
-- Wersja PHP: 8.2.12

SET SQL_MODE = "NO_AUTO_VALUE_ON_ZERO";
START TRANSACTION;
SET time_zone = "+00:00";


/*!40101 SET @OLD_CHARACTER_SET_CLIENT=@@CHARACTER_SET_CLIENT */;
/*!40101 SET @OLD_CHARACTER_SET_RESULTS=@@CHARACTER_SET_RESULTS */;
/*!40101 SET @OLD_COLLATION_CONNECTION=@@COLLATION_CONNECTION */;
/*!40101 SET NAMES utf8mb4 */;

--
-- Database: `projekt`
--

-- --------------------------------------------------------

--
-- Struktura tabeli dla tabeli `kolory`
--

CREATE TABLE `kolory` (
  `id` int(11) NOT NULL,
  `nazwa_koloru` varchar(35) NOT NULL
) ENGINE=InnoDB DEFAULT CHARSET=utf8mb4 COLLATE=utf8mb4_general_ci;

--
-- Dumping data for table `kolory`
--

INSERT INTO `kolory` (`id`, `nazwa_koloru`) VALUES
(1, 'Beżowy'),
(2, 'Biały'),
(3, 'Błękitny'),
(4, 'Bordowy'),
(5, 'Brązowy'),
(6, 'Czarny'),
(7, 'Czerwony'),
(8, 'Fioletowy'),
(9, 'Granatowy'),
(10, 'Niebieski'),
(11, 'Pomarańczowy'),
(12, 'Srebrny'),
(13, 'Szary'),
(14, 'Zielony'),
(15, 'Złoty'),
(16, 'Żółty'),
(17, 'Inny');

-- --------------------------------------------------------

--
-- Struktura tabeli dla tabeli `marki`
--

CREATE TABLE `marki` (
  `id` int(11) NOT NULL,
  `nazwa_marki` varchar(25) NOT NULL
) ENGINE=InnoDB DEFAULT CHARSET=utf8mb4 COLLATE=utf8mb4_general_ci;

--
-- Dumping data for table `marki`
--

INSERT INTO `marki` (`id`, `nazwa_marki`) VALUES
(1, 'Audi'),
(2, 'BMW'),
(3, 'Citroen'),
(4, 'Dacia'),
(5, 'Fiat'),
(6, 'Ford'),
(7, 'Hyundai'),
(8, 'Kia'),
(9, 'Mercedes'),
(10, 'Nissan'),
(11, 'Opel'),
(12, 'Peugeot'),
(13, 'Renault'),
(14, 'SEAT'),
(15, 'Skoda'),
(16, 'Toyota'),
(17, 'Volkswagen'),
(18, 'Volvo');

-- --------------------------------------------------------

--
-- Struktura tabeli dla tabeli `modele`
--

CREATE TABLE `modele` (
  `id` int(11) NOT NULL,
  `nazwa_modelu` varchar(25) NOT NULL,
  `id_marki` int(11) NOT NULL
) ENGINE=InnoDB DEFAULT CHARSET=utf8mb4 COLLATE=utf8mb4_general_ci;

--
-- Dumping data for table `modele`
--

INSERT INTO `modele` (`id`, `nazwa_modelu`, `id_marki`) VALUES
(1, 'A4', 1),
(2, 'A8', 1),
(3, 'X5', 2),
(4, 'M4', 2),
(5, 'C4', 3),
(6, 'Saxo', 3),
(7, 'Logan', 4),
(8, 'Sandero', 4),
(9, 'Punto', 5),
(10, 'Tipo', 5),
(11, 'Mondeo', 6),
(12, 'Focus', 6),
(13, 'i20', 7),
(14, 'Genesis', 7),
(15, 'Ceed', 8),
(16, 'Picanto', 8),
(17, 'Klasa C', 9),
(18, 'W201', 9),
(19, '240SX', 10),
(20, 'GT-R', 10),
(21, 'Corsa', 11),
(22, 'Insignia', 11),
(23, '206', 12),
(24, '307', 12),
(25, 'Laguna', 13),
(26, 'Thalia', 13),
(27, 'Ibiza', 14),
(28, 'Leon', 14),
(29, 'Superb', 15),
(30, 'Octavia', 15),
(31, 'Supra', 16),
(32, 'GT86', 16),
(33, 'Bora', 17),
(34, 'Golf', 17),
(35, 'V90', 18),
(36, '242', 18);

-- --------------------------------------------------------

--
-- Struktura tabeli dla tabeli `ogloszenia`
--

CREATE TABLE `ogloszenia` (
  `id` int(11) NOT NULL,
  `id_uzytkownicy` int(11) NOT NULL,
  `data` timestamp NOT NULL DEFAULT current_timestamp() ON UPDATE current_timestamp(),
  `id_marki` int(11) NOT NULL,
  `id_modele` int(11) NOT NULL,
  `przebieg` int(11) NOT NULL,
  `rocznik` int(4) NOT NULL,
  `pojemnosc_silnika` int(11) NOT NULL,
  `moc` int(11) NOT NULL,
  `id_rodzaje_skrzyni_biegow` int(11) NOT NULL,
  `id_rodzaje_paliwa` int(11) NOT NULL,
  `id_kolory` int(11) NOT NULL,
  `id_status_ogloszenia` int(11) NOT NULL,
  `waznosc` int(11) NOT NULL,
  `zdjecie` text NOT NULL,
  `cena` decimal(10,0) NOT NULL
) ENGINE=InnoDB DEFAULT CHARSET=utf8mb4 COLLATE=utf8mb4_general_ci;

--
-- Dumping data for table `ogloszenia`
--

INSERT INTO `ogloszenia` (`id`, `id_uzytkownicy`, `data`, `id_marki`, `id_modele`, `przebieg`, `rocznik`, `pojemnosc_silnika`, `moc`, `id_rodzaje_skrzyni_biegow`, `id_rodzaje_paliwa`, `id_kolory`, `id_status_ogloszenia`, `waznosc`, `zdjecie`, `cena`) VALUES
(34, 0, '2024-06-23 18:15:23', 1, 0, 0, 0, 0, 0, 0, 0, 0, 1, 30, '', 0),
(35, 0, '2024-06-23 18:17:22', 1, 2, 340000, 2004, 4400, 450, 2, 2, 6, 1, 30, 'data:image/jpeg;base64,/9j/4AAQSkZJRgABAQAAAQABAAD/2wCEAAkGBxMTEhUTExMWFhUXGBoaGBgXGRofHRsYGRoXGh4aHxsYHyggHhslHhcaITEhJSkrLi4uGB8zODMtNygtLisBCgoKDg0OGxAQGy8mHyUtLS4tLystLSstLS0tLS0tLS0tLS0tLS0tLS0tLS0rLS0tLS0rLS0tLS0tLS0tLS0tLf/AABEIALMBGgMBIgACEQEDEQH/xAAcAAACAwEBAQEAAAAAAAAAAAAEBQIDBgcAAQj/xABMEAABAwIDBAYGBQkHAwMFAAABAgMRACEEEjEFQVFhBhMicYGRFDKhsdHwI0JSweEHFVNicoKTovEWM3OSssLSJDRDVGODRFVko+L/xAAaAQADAQEBAQAAAAAAAAAAAAAAAQIDBAUG/8QALhEAAgIBAwQABAUFAQAAAAAAAAECESEDEjEEIkFRE2FxsYGhwdHwFDJCQ5EF/9oADAMBAAIRAxEAPwDMY9tRT9GcqRAMbzw+eNBNOQgWJyq7fatJuL0UvEQoiDrp4GSeQtbnVGIxG9Q7JuAe/W16+fgnVGDoHfcRmTMpSTu8BP404Q6oAqCezYAEXgd/d40keekhSUCE+qSY9vnTrZLpWyFOBJCj4mOFrRxqtXtgmVA+YgmAQyb7ijU6z/WiML9IjMAexM9qL3kAcKuZdTlylQVx1kR3k20vVbfZMAk3k8AfE8OFc260UylQsJJg8TIvby+FC4ooSQlJUDwvMd+74VdiMXlWDIgaHWBpMd2lVYrCh5WdCgAROY74tP4RWkY0+7gj5BD2HAByiFlOgUcoka3uN2u86VcjsIykFaouVDfytcbrCKW7OUpSFoAAyandcmJJ10tbQVc3ijBC1BRIneSYiJCRpUSg+OaHZRh0q9IATZvUxytu1M0y2sopAJUCBY+Noi+kTPOlrbh6wJTcnQJjUewC4MafcyfzKUUqJQEic0b5i249/PWnP+5N+hLij5h8QVJAKXEybJBNwQI5m82jnV+0BlTO+IA5D3UG/iFAiFZyBMgAEq8TAvun76m+yUqSbTEm4gm247iY8KzccplASmlKyFIgKtJBjUAaDeZ9tGYNHVNLWtVySYHK11ROoNgamjGyCSSSLEhM3+yN3AUC4lAMElQ1yqmIvwNtTuO/jV5l2smqHWFCF9s9o8gAki43iTHGq3SSoZMoKhASR3mZG7530n2f21KzTlCQYk8wAmLxrRuGxWRYIUAk9mQJgCDF9O+s5abTY7B8XhlhW4EaXG7Qjv4V9wGJ6zslQRlEBcknQ25ajuEU5xzbaykLSLaKnkLSCOPdS/amCB9SBluL6kgSNbQk+2nDVU0k+fsDRW6EtrRlJgxMm1s0W37q+tkLkqBiTY7hG4b5O/SqcU4FpCilJVIgDQJPjbQ27zQCcAtRKvVHGQAJgd5PwraEU13OmQHnGBahEiDMkAi0xfd88KExmOlZSkT3+FuFVrSoqyNkGdVE6AW9o8fOvuz8MgqyqnsAyc2UzyF/ZW22MVbJAWQoqUBYXJ3Did+4VbjNprOVIFgAJBF5NhExax86bY1lC+1YZBBgAdnQADjvNZ1YyySBaw7xNyeVa6bU8tDD0vfRzMA751I31AvmZBTEXPGJAPju/GlpfsN0bhoJvpuqleYj3VvHT8C2jND4UDJibx3W9tNdhYfsqczkI0ypMAmOMzOm4zFZttsBFzdREwJsJjU0+2dsZ710wlHAz2hebwQNOFY66Si80OsjbHdoTlS4oDKApIJi0aDtDffj3ilGE2OVesUoAkqsQRMRyOsa04bSCShZG4Qk8bSTrE7jPxhiG2kdlKVEDQCQDa0RruMRu5Vzxm6wMyq8K4j1hAJO8H3Sd3so/Y4USVBSgBrrB3X8/bQm1jlWfWJ4HdVrWNVAyoQdLwBOsWmY3+FdcrlH6gPuqJTB0mTO8k2kga6jeTbWs+thUmIjuNXh16JUQQo3CY3m1xYDuoVSHpPaX5mq04bQDMdjgkgNpkkXN5Mnhu+b1AvLWPVKTEAxeBY91xTvagSO0iBHGLeNJUuKXmIVN7gHUcB5VzQpx4Kap0LHAoNZVySVEgW8++beFHbJQrIGyAlKiTnIkkC8AcYFt1udDvMlS7ykHiDuN9d99edG4xxUgJOVMACbmCeZ762nK1S8iTocDZiUzkOYkAG944ndM3gVU9mjKHDKdYFp141arGJSkBKiY3iJ47vnzqpCwoKUubxyv8a4YqVWymLFhZUEnlI3njvtM02weIzlLUgZYABtKQdBreBUVpRIglNgJ4jx389KqDyWwMqQYBjjJgGTx31U3vVV9CRg8hoSUoiJk5lQbAX3aW8TSZWQLGVxLZNrD2D3VFvE9dICSAnUA237tKhiMb2EpJGm4ewE09PTcXX8/UG7KnMYULAClAExP2QYvOptNPcG0lwHqyTxcNyTCd8Aa2tOlZ9tcOBxbYUlIACTbtDQwNw4b6d4jF/RBSQQVkwlIiSSCbakTv8Ak1rReEufY4hS9mhuIUSo3Urv3BIn21JOFVKesVlk6TJ1kkqJgfCvYbEQ0kjsEkwnU6m5+FAqeVnMk2JnhXKlOV2ysIaAobTlSeyJ1i5+1+NJ23hJIve0kRJk6676njMTCYAvuBg2N5pU8hQhQEgxyE6ROlbaWlzfkmTGuycXCigrCStVgEySTMwY40XtBITBgE5ryDqOMePdVex8IgStSe0nRMeOYTc/jVG0GlGFZVSZknvm44RFQ9r1cDztGDuOSW8sJCrdkHSBe2+OO+qlPJUe0FSI048IMk27tKVO4kJATkuo9pShoJ3AnmDoNKPW+lSSoBJmYgW4Abu0QL8J40LT2cIln0llAlLYmSSVBJUI03WvwG/uoF54hOUGxX2U2k2mSqwFz7O6r8S2tJEp1Im+hJPZk93vqtl1N9ZvreBGgN51A0rSCXPJNgbzqWVSoFRCToYMkEgg6p4TM60zcxgS2CtKc0iw1Ghy5hoQL9/nQ+LYCgVzZV4I7rT50MxhkuKIcchMmUlRvfThrHfWrUZK345AtQ6pSswUkZjAG+L3IG7d4CqtoFahdkKJ7id/iDPvq/FYVlIOVIAMxcwY4309lhQjuPMWvoPcPHStYJNJpCF7SYBTad51+d9UrctJMX+ffTdPVAklFzuSJvfw/GhnWEEAARa/GZM99bqVPKK3JALhIkG27ziPCn+zOkS1QgN3jdJFpEkHQTHnyumLXC/CeFq+4XAuKJKQYTqQN/ADeeQ40tSMJx7ik0al13dGTSTYXvbdw0mhVY83E7iJ5aefxoR/EOBHZQrMZuQezAvZVgdfMzuqteFhWWTcmSTqbeY4a6a1hpwxklouGGzZswtuNpV36mDzqt9LbYs2TfgDb7WaLjSw51ajCWuuJFo33jl3aUvcCrhItGsp33860jGxJkhj1EBPZkaW17yd8UT6TxWByyqMcpAvStK8pume+deP4UaFO7snm195rVxQ8D1aAsGE5jrCvxoR5iUZikiCSQLT8K+oxS1OEZgBmiOUm3v8YqxaT1h4Rc/MV5sU44NHkEOKDqYMwmIMGxix56jjrQrmDezAKSpQTcm0+Pdwpkh1vWT4H1o7uM1WvFmez2h93h3GtlKsJCI4Z8KOUNgHLBUdwGpzb9B5iiSUQAAYEcbm172oAYlKVlWRJMQJ3R32q84guy5wkd1vIWqJRzfgAbFqCSd4GoHzrVWIw2ZSFJWLi+6Pj7Kk/pACje5HE1FTR6u0Ez9Y/d95rZYokknEFLSmxvVJKJ3wADbfAocFRIKkafasAAIE8e7uqJUoAJzcDO633V7qkrPbWZJggDTib61ailYyvEq7QSpWqhPmJjdpWjwOMbBIaJUhIANpI9aYJgyZvoINqWY3Z7SADlMqAlS1GQNZCZso6b6t2a0rKW2j2bqUSQAlN4UtZEJGm++gk2qJxWrFKN2UnQznVaSQIjMTv4JEe4UXsbo7iMSZabUtP6RXZRfW5gHXiT760PRXo91qEuLENQmFKBGcje22fUbnRahmVqAiyjszh0kRBI/WJPv3Vvo/+c/9j/BfuUotmPR+TlX/AJcU22TrlSVG2glRT7jTFPQzBAjrMQ4siPrISIG6CFWrRYfZLeuQUzYw7afqjyFdi6TRXgpaZmW+jOAF+qcXzzuEH+HAq8bKwYEDBFQHFt1X+omnuPeIEjTgBelL21pEJQR+so/cI+6rj08FxFf8H8N+ir0LCDtHAoniWPik1JWJwqL+joT/APAn/hQj+0oMk+Fv6+2gcVt4nn31vHQ+RtHpZPkbHpBhR9Ufwh8KgrpTg/1B3oSPfWbd2itX4UK5fVI8QK0XTmi6J+zVnpXg/tM+bQ99SZ2xhnrNttOXiyWlDdqRI3jzrDYhpG9CD+6PhTnoJs+VqUBAHZSNwUogkxvAkEH7OYbqiekomOtoPSq3ya8bIYXY4dpRGuVtCQORVAE3BiZuLV7EbEwSUKLmGw+VIJMNyYFyfU5bppsUAAAWA0+eJ1J3m9V76y2o52xFiuiWzzb0Vsaf3ank90dUI/rSHaP5NcEs/RuPMK3BQS4D+4IcPea12zsOUyyLdWoJT/hKBU34CFNydS2aaN4JzQwRvqXpxCk/Bw3bP5PsTh8yj9I0P/Ix2o/bB7SCO4jnQqHFttpmVA3VnUFHQdn9kW4zzr9APbOSmFJV1atAQbd0SOzvgETG+uf9IujDD6s7WVrEiYCbNugz2hl0JAVJTvCwU2JHHrdM3mInCuDmGG2gXI7EAEAFUxvKgNw9X2cqFxh7QnXSAePf9WxqXSNp0L6txBQtEgp1PGZFjOsg6UJhsIpSYWcsAXtYSYuDree5QrPalH18jOizFuzFyoC5nUR86UK9izljnbXxA+fOrnsOmM2Y3kTyjUJHHS9DM4WQDoPaauCVBSKFcb2quDwq7FRoLcedeDzf6JR55jfnW14KTNacIlMyqSbaRFjN6De+tBJB3j3yDFXJxUwSYBSSZ1P4QRQyQYJCZzEbjHMR3RavIhuXJVAKVZb8N39KlhMYqACco0J4CeXwq9zDSdIMkhIHPgO720IULVISm88IjhJ8q6VtksioMxpSIMkkaf18qD9NShNpAVEidI4d+k19dacUkSogJJ3X8Yo1OyW0pSVElak30yjXduPOffSuEV3BRWEq7oTIE7lXuRpuoFeJIJBmI3c+dO3UWCUgQlIkA8Z3TOgHtpWcGAokpkaC9j/Q0tOafINAyUkBK7TuveL3jw9lENpkhUzIJlWgIjcO868RWz2P0KWoJdxJRhkRYLHbNvsSAkRaDcRcULjNkYJEBnr3VLcKW25SS/AIJTlSFJQFWzTohUH6yexdPOawhGewmFLic7qylgKjPBKlKAADbaT6ytOSZvcgK6b0U6HkpS5iWg22khTWF1vucfP/AJHf1dE+QSy6LdEgyU4jF5V4gCG20/3bCfsoGmbivmY3k6nMTXdDTjprt59mkNNvLIhok1c2wBrflXwKihn8cBVZZ0qIW45uoHE40J30oxu1o0pQ9jVKrSMDeGmOMVtCbqV4UmxW0SbJtQ5SpWs1YjD1oonTGAE4tRNVEGmD7ccqXvSdCPI/CtoxN4wSLUPACDQzuMTz9lfE4Qq+tPmPfVOJwwQJn4VrGKNYKFnlPJNhIOpPAC5V4a9010joVssoZT2YMFRHAqJHkPpE+VYHo3gutdSkxClhJNiMglSzOk5UrSe8V1jYmNSSqB2SAvXRKipKRHPJm/fri6h3J14PF63UjLWaXCwW+iq4URhMDBlWvCuQflD6fuqxC2cPiUsttKKOysBSlJsom8wDIA5VmMF+UbGtH/viscD2/eDWO1nFaR+gdqNZXG3B9aWzwn12ye5aco/xTV5xxmEtqM6HdcTc7jXNujnT1OMT1BYJeMKQtCCE9YkhSCqdBnCeXuromBxCVCUmyjmSeKVgKB7rkfu1NUVdk9oLX1ecSlQB7FlTY2iDJmDb21xDb/SfEOLCMSjIkEkJyFtQKik5hYEKCgCDI9Wda7Htt4IQTnSiBcqkADmQQR37ta4r0vxLrzyXQtRWFEDKoFKACCkpKVqkZVXgD1TrqZfsMjZOKbxSUsYlxsYmSGXYurgFyI7U2vcz6qrrxuNZW0txtwBK0mDm3wed436e+mOG2Up1kNqBS40CQcpMoMnL3yTx14JinY2Q5jmeqdE4hBWhlwntPIbAOVwajs6KO8EHUTlqaSeUS1ZgcGgLCs8QTbtRJJi3L2VI5QTlSSkAAa+Jk7on50rxWz37gaoJ7IzZgAYMgDWT7+FT6p3MQtNwCqEwTOnaCTbXQxeuVqnyZ0CNtIMkiRe86HckTr4ivKWkEghEjW9L8UpRIJN+AsJ3/PKqyf1a1UPmFDbAvhxZQrfAnlzPdTR10CwUDzniTMADSYHnVOE6MPqH0YQb6KcQKYJ6HYrVaUBKSD2HEE2M2vXPqaV58Gm1gDayhRCrnv0GnzvoZ3FKkwqOI3R402e6PPLBLTfbSb53Ea8IJ4QfGp4TodjXVdlkk2zZVoIH80DxqYabeaHQswCFuGE2SRKlcPxojEICE5AoqJVIN9JAtWx2N+S9+SrEYptoGLIBWR3k5UBWuhNbHZHRHBMDtBLqtynjmEfsIGXxMnnWn9LOUvkKjjjeEUpKjKiSbC0nfeN0mi2Oj+JcEtsOngYruDTuHbshDaf2Gkj8auO1+BX4Aj/aK2j0dcsdHJ1fk+xWJe65bCrAENuKXGbWCpSc2QcAbxFta2vRHoq/hSp1xjrMS5ZbxU3CU7m20SMiAABG+OAAD1W2U7yfE/iKrO1W+fz+8a7bdUFZsni2ccoQFACdMjZt/HFDKweLtLhH7KWv+aqkra6Pn+hqH53TwPt/40FbiI2a4T9I88RwGQD+UA15zo+2odpb/g58TUvzt+r/AKqkrahGqY7w5QG5gauiOGOpxJ/fHxqJ6H4X/wDIH79XvbdbSJcW2gbyoKH+o38KBPSlCv7pC3B9rKEJ/wAzh9wNGR7mfV9C8NuW+O9VDOdBW/qvOj99VXK204dXmWhwQC4r/MrKmf3TVP51Z+u6+53ryjyayjzp5DewDF9A2wJViHE8y4R71AUuX0FB9TF4g80qJHmARWkRt7DN9pLKE/rEiT4kSaPwu2S76nV92cH3U7YfEZiv7CugWxuI/jR7Iql3oNiFAp/ODsG0EKV7QBXTGW1q1UBpcKSBeALG+8edFeg5R2zmPAqUr2KMCnvkP4jMXsPYiWG0t5yIRkJKQnMLT66hBITBP6x40yb2nh8HiFPOYpKBkQgIUsKGRKciTlSib5CrW5nhW0w2zwBoAeCQEj2AzXPOmv5OHsU6p30pvIqxBQslCb5QMpIMG89nhvqdzaozryc1bwmJ2njn3WuoSXFqWR1iCpKCoCcqF6gETOpPOtar8mkiPSnkn/DZ1/dWox41rei3RzZ2yUHrXmVOqkLdU4hJy2OUIUoZUykGJJnfpDHE9KtkpMnEoPJAUsfyA1LlXkMCDon0TGCWlxLi3XAmCVrMEnfkyFI5bxxrZsDEwMqUpEQOzYAWAtltSNf5R9nJ9RLi44NR/rIqjG/lCUlbMYd1LbxSGl5Wz1i1CUtgByyiezOaBMm01Kknwxpo0p2TiFkL9LWkH6iUQPPPm9tXYnAuBMHEQJAk5p81LPlWT2704cwxCVYZJKgFQMUqQFFQg5EZZBSZAVvGutJXfypPkZUsNAR9YqV94molqRjyw3I3Z2es9lWJACjCSLKJFwB2r2EkA8e+lW1dgaIRiXVKEX64pVuuYnN+9zrmOL6TPKV9H1WHBMqDCcmYzPbUDmV3Exyp/srpBilPhCH8OlrLBeWQktqypJJCnB1xUrOkC4TYmQBShqQnhBuEPSPDFLxQcRLiFhBU4p0lBEwJLZtwIPdSROJjN2UlR1MxPPs6nnNdL6b9HC64cawJCW0lYBmSDKlpKFa5ALybA231yFOIPWrQqJlWUAyAQZIB+zrHdU6ukmiJHzHYDOZQmACASnmdb3Fpt48qtOxx9kef/wDVMF+pKCLpzqBnXMQdJABiAI3iss4+SScpuZ3++udRm8XwTJM6OMepIlIT+8kG9Xp2w5A7LP8AB9wBtV5wp3pr41he1pE7+HPuFQum115Oi/mM9lYSf+oxLUMzbI0qFEC+YpkpQIid5tNOP7UYYJSG8Th0tzlSEGEg8CCAE95jvp9tUKwzI6nrZRlBAlQA7I9VJmAL2jTXhzLa+028Q2v0lKM5APWtKUCAYMSoZgSEQAZJzqOVRBA79OO1US8msx3SbDhKQrFsCBPrpN1X1J4EUGekzJHZxII/UKfurlz2z2ldUpvCOLDq1to7RTdGTtQpC1ZSXPWJuQqydKLSG0DEqGABSwrID1+JAWoryQnIU7pVfcnnWpJunukzA/8AIs9xH3CgXek7H2FK7yT/ALaRHHKQppCsGhAWhK1qcxWMSloKUoALK8QlObKkKyyCZipfnJ8B3/o8IFN3KDiXSrLKe2R6ZIbyqzZ7iIOhmmA2/takeqz/AKvhUVdNVbmU+KCfeKXHaL8oAwuAOcSk+kLhZzFOVsnGQs2vpBMcJrwe2HHfSSMHhglhK1Sr0sFWVWUJy+kylRM2OgSonSmAyPTt/c0nwa+Bql3p5ifsx/8AF8TQGI2ksMsOnA4Yl9akpQFYsKATlAJPpP1lEgD9Wd4o1tKDi14ZWDYIbTmW4nE4wJsgKIA68z2iEDiSDpRQ7AMX04xMEkkDk3+NAYvpRiyAEBIVr1hgnw4e/nTZGz8DtAJ9HJaxIH9wtxSwrfAzKWT3pmRqga192Yhlhag9s9lSwNQiVJ5loqyuC2qCJuQK0UVRm5GMO1MRnzF5JcO+SpU+O+iSrHrIviSVaQ05fu41vWNrvxGHRhFozT9ElQVIP1m3F5pB3QRYcBBLO0capwF14spsOsKGEFIB3FQmNDrxNzWy6eTVmD6lXWf0MThei+0XJ+hxRjXNlRHGQ4QQO/iKbYPoBjoC1MSDpmdE98NoUSO6t7gX0DqsOjFDEFQOcsFpJzahISFEaFRMDW9q+t7UYZdcL62SBlyddicyyjNJK20gwSMoASCLkb4PO7Ty/wAv3Z0KSrj8/wBkZ/BdD8SQcyGAR/iT/wDsQj2A1D0BTalNryygwYIImJtGutaBvpJhUvYl0raENoIDdgW5UCE5gmSSkCw3J4wMO70lzLOcBOdS1KUogaknLrreLxpyru6aSg+77Hn9Ut67fuzT7LeUHUdVlCwoQTpwObkZjnMamqem35TepeLTBbKk+uo3GcfVEnQXmxvabGsrtbGLWttrDOIvdS0rHZKkkAwDmskkgxqsRoDSXaXR/DIATLhMXWFCARaMsH31h1c1qT7eF59m/SabhDu8m12R+Vt/rCp4JUFCIAGUGfWTFwYNwSqYtFQ6X9L1YgZMjZbSTlJEqMGxzHtAG1hAiuV4nDKYXlVdJEgjRSTvHP4U39JIRBvFvgfK9edq7qpHS00H40JCyQJEm3nQ5xYB3eVKnMWTUM5iySRxvWa0vZNDk7SOmYAVZhttuInK4sTYgKIkcDGup86zpWSbCPZVxw6jvJ7gb+yj4SWRqLHqdoAxoLn3J+FRVixxjnFAs7PWDcBQ5jUEjjYHskePdBOH2eQoWOl7eyspaS9lbGQOJM2NTXtEJE2mjPQUhIJF72k6qtpMWpXi8DJSBfMsDzUAAeQHvojpqwem0a/pJ0sdYwTGCQpwQ2lT+UkEqclwNyNEpStIO4kkGctZPZT6FkETY6G5So7wd6VAR3xXQtl4M9Wp2G1KWSYc0cUopkWSo26xJJAgZrmK57tTDIaxLbjIytumMtuyvskpEEgp7SFpIsUqEV2OHaPnA22Zg3lKltlTiQFhZAJAlJKQQAdSLdxpf+Y3zfOU/qw8I5QEbq3PQXEKbW4hOXM4kKhU6IJ0jec5PcOYrZenvb2QDv7Z/wCNcz2p2xqFoRLccG5J7pHv+FHbLwylhTnZR1cEZz2SRBhRA7KI1MbxrelYxR40JiccttZUQ06wpICkFSSA4ErjPAUptQm3ZvJF5FdlA2XYnEh/FKzttuNvFakuIc9WAoEDL2XUygpBUJEzMZa5xjcUh9tpLmfOVKckIshmIyoGe8kLJOpIEkkTWx2Nj8Oh9sNqWUqxCDC1I7ClkBcACbi17QkamMuYD5CMxbSChpeEABUACoPySZNz2jHfpuIqyLdkXcM0sYlaCB16/wDp0lxlORBdC5hTwIVCEpuJvVTeIwiHsOs9YpphKUudkEOOhTjl4c0JMSJEDxolp7qlsnqv+zKrFSgZLup+z2ljjqKa9HNk4d1lxpxCciOpWfpFI+lWQ2VKXKoAzE2SK1jpuSbXj+fcHNJ5MuwhtTSWisBTTinFJezJC0qS0LFGYdkIOu5Yib1pXdtMF555LzcKa6tlSusCp7UpcHV2SS5fUSlA0lQ1Y6OYVbi3MivpkZHF9YTZQPqiIKSGx2xFim1zA+K6MYJCci0uBrD5HAort9OuFHiQOrBvroKlYCzC7UWy6ywyMQgBm7oAcJByIQrq05ACCG8xJI7RMwAFEfDbUYViHsXiA4es63qxlCwHSAEkyoZigLzai4FdIa6MYRbi1BLhViUrzKCwQpGclRFoF0t6fpkiYmq0dEcIUNJLSill0pgOgpC1LQDfKOsOYgEGIyKGqYKpj3KjmagwMMpkJc9I6wrcUUDstoTARmzSACSTa5y3GW5i8VgjiMO51ThwzSQkp6tILimxmVm7UKzKUkqJIMKiBANM9tIDeOxjCGg4XiG5UpcytSTbIRJKwLW0jfFLXFhTTSepQUYdVzK+3ncuFXgZiQNCYTraigst2fiGQvEzhnFPLCg0QhAKCuV58hnIpKYgpBygqINga0/SPamIVsbBYhw5n3FLhxUZy2hSkjMoQVkiPW1yyZMGsyvHrS6t8stS8hZy/SFJCiUKIHWTJyLRqNTAFarpk9hlDD7PccyDBtJTI9VSh2VTzlE/feKuPJLOZP4p1asxGZR35QTa2+Ty8KJweCcVdXZH6ov/ACCPAkVoRhsIJCcS14qyz7xSvHNKzEJfSfsj6QkncBCIuedaOEUv7rM1qSeNtE8DjsSxKW1hIPZKlAEqTeR2pIBmCARa02q1jeVYk9ZKjKClF1QpcqF1RlSY0ECN4oNXRbFJV9J1TZH6V5sEHmnMVSOBFFYLoa452W8ThVLPqp6xYzK+yFKbCCdLFW8Vi2k7aNGlVJjDDOYYxCutWLqWonshMm2aBO/NFrnuT7dcbW+OqSLwAEGRmNrHeZv40rZSQopUIIJBChoRaIO8EVa2mXUydL25aab5qdTqHLFJfQiGhtfLf1NR0awilFRulS1KJUElWRDYKlGBc5UoUY3kAC9aNTuHIdQnDtlppLa0qU2kuLadwLz4lz1kqzoH92UxYCKT7LefbwzmJYUOuaDbkKJJWgLzuxftRlaKp1QVcaYOpSc5bgNvN4cN74SOtJA5JRCb7iDvq6zRadKzL9I9mwgptKUpdTBkgKQha0EwLpStKpi4ym2aAJslrrWuYGU96Zg/5SB+7Wr21iElRQ23mDBBedAsSvI11Z4gNlM9wFovmujTagHEj1kqyjW82/21lrrFouOUBo2QuJOVI5zPuok7MRlEqUTxE6TpuFP2tlmJIJ8THlX1xkI9ZSE8soJ9t6w2ajy3Q9qQjRhWkx2STwO/zFFBZ1Q3J43+fkVY7tVoWEL5JR/xq7Z2MWVBLOHGZRAEjU7oE6zyrOUPbH2+yl0OzJkDuPOqg4QoAlZUdyQDzFbljoLj3yFOrbakA5R2jHEdV2fMg0wwX5NkBBcxGKKCCZkITYaGVzr30fAbVpBuhdUc4XiIMG4JgyMpB4EeV6kUAlBTM3InmIHtIroGO2bsNmUlx3EKG9pwm/emGx3FVYjHFsKlsFKS42lCVEEhIWFGVRr2aqOhK16E36NIjGQlOVS5YVCwoC/0GIdSsDgsONgf4IO8Vmem7aUzkmW0tFXBKkQlCP4asx32T4PW1hSQ624X4UEKJbKIKM5QlUmSlsOqTnsCEtgaEBX0lLXUFtD6XFp6xTiBdSnFpWCskGBBISEaieQrt/xZneRrsJspWpwqlUEDSBMW4fIrRfng8T5H4Uj2fholUmNBA38db6d3lTJKEx8Zrw+o+Kp4NGpeClTNgPPjWUdCy5jUBKu0lcKvlKm0t4gAj7X0ZSIP1zW4UisD0pc9Hx7bys+QFtYy6ESAsKHMJIr2wfBnsO6pWR4ATMmNxSqfxp3tnBu9cUiOrfxgMED66ULQSYnKA+sW50lU11Tj2HUuS2tSUzP1SUnlcAERTVzDIxXUrzZloaUy4gKSFSErDTgC1JzDtCYv2NDNKKqyWsgu0Fv9W67mC1OrS299GAc1nMosRYsycpvaRpWl2ZtxWF69C2SoMJbJKITYOtkAKIOaVKBggGCrhbOsbBWDh87GIOVZ67KgqlOYERlJvBUKEOw3OpALOJDnWX+hXBbKUj2FPutVLUcU68g4J8nQ3OmUupBwzslnr8udOUoS2tfalEhUSImCco7xn+m7S0IWrCu5XlpbSM6RJw60uCxT6pLoTPIi0Vhn9kKz4gpZxMX6j6JcwXUntW/R5uFzVWCwrzaSDglOyQe2272Y1iI139wqdwbUdDa6UoaU4lOGdBwaAg9pPqSU9mU3SZSsmwhpB3Xnh+lMu4cBt7M6FOpJLeUkiCTCICwhBEIvDh1UquaubPfWok4d5CSe0EtuGZUVGZ13f5RRWI2KqHS23iZStPU/Ru/3Zz5k+qL3Te2htexuDag7bG1HlOr2g0jIA/CApIK0KCATm7MESUxmOs5YvRbGDWnrcOQnOUB1bYbsspaK05SBaFrWgdWBCrXF6UJ2F9IAWsT1XVfonbPFqOH278ItMXqCdhOFts9ViA6VqDhKFD6MhIEFUC0K7819KLYxz0dYee9GddMobWrL6oyIZSFCYElKnCBebhXG+W2xiQ6+44NCo5f2RYewT41oceG8GjEKQYW+opaSSCpDOsEgq5b/AKiZgkgZFHKgaLEqjtcNJ47vjWl6IEgOYt2yWfUgauETI5pTJ5KU3WebNwAu3ATJPgK03Sv6BpvBg3SMzp4uknN3woZJ4NIpqyXQhxT63FKcWq6tw3cAOQ0px0OJLi25gwlxB4LbUI/1VnUtlJBOYJP2df6VpeiyVekBUHKlMK1MZ4SlMjVRURbkeBokrTTEV9KcMTjHVlMFzK4QNCpQ7SuF1hR8aBYZCetVvDZAvvPs3U/6dOJ65qIz9WQvuzEp03mV1mXlQlRnWB7Qayhp1W52y/oavZ+0cI0jDl8O9ZmJbW3okFDaFpUDMpULGEkxMUwxGGVh+rCnUJTklntIkBRVlPbUlJyo6sQVT686ivdFkoUwOsZaW0kKU686Eq6tISiyQUmSrKd4HZPKX+Ow7CkDOxKsrjoVClqUSSpbeTMkSr6IpGYHMV/ZM7+bM1xQgximvRi0xiWkhKHFKbK0KceWEKIkoWb5u1zMcJKHYXYfxAMCVSQe5Sp8Jk06xOz8ChvrWFOnrWnXEKSPolLQlRKCFFa0KFpBVHaoXYHRx7El51BZSjrCkqW4hMFKUyMsle/cKmTtFJFXpby5S2cqSTLjhCZjUJzEADxvzmljzbe8lxXO/wCArUo6K4fNDm0MOFm+RoKWrjACstEK2Ns1v+8exSo17CWUnuU6FD21i4XyxtGPCFAgQEHgqx/y6+yvoeUlXrGR9kwJ762K9ubNbFmM5/8AfxDiwf4BKfMUK505YbMs4fDtninDoV/OspWPKktP2h1FCUYjFYggAvryzAQXFKGnMnyjSmjfRXGLOZeGdM731ZJ33LpB99Uv/lFxLhISt4j7AWnL/lS3mH+agHttYhYu2+knkVgn9l6fIRWiTXCDBpF9HVIH0z2GZTwU7Mfw0ke2s70rQw2WUtYoOqz5lBKCAkRIUFZjOvAcaGTttppX0gK41bC1NgK/ZSlQG8RAPPdSbbW1EYh4OIZDSQkJyha1TBJklcmb91tBQmDOu7GSgtFGVDSi3mCkRAPaUCuRCsyUFSgdMwgi6jnNuIaWhRRhUsu9Z1bxSYUl0GcuXKApK0ytK9TlV4F9GcSgsNk+qpZDpP1pacBHcEIUOHlRrTRcdwy3EfTFIW6rcostFoKI49Y88mf/AGhWjWfwIQy2W0QnMsnMq5nhuH4UZ4j2/GvoHzNeyj5j41JQrdURqfmD8KzHSzE4YrAfbWTl7K0LUkxJ09ZNv2AdLm1a8wdLHnv+AofEYcEQoAjgoSPLxpWVRzHbnomIcU6FPIJCRHVlYOVATqVJMnLJJ3k0uW3hcuQvu2M/9uJ32/vuddIxewmFzLSUmCJR2YmbwLE6a8K5VtHCrbcUhz1kmDz5jkdRyNTbCg1lnCjTFOJ59Qf9rlEIUyBAx7n8Jdv56RJMaian1qfs07FQ5WWjM49R72nPjVYba/8AXK/hu0q61P2aZ7B2KrFKUEQlKRdREiToIG83PgaLCi1tDEycaY4ZXvuFRLLX/wBw/ke+FNj0CXE9c35KqpfQlQ1ebHgr50vRY9otWyz/AOv/AJHqgcHhjE4wfwnKYL6KRq+0PBXzpfuoV7YiE64hryVv7gaLFtK28NhE64qe5hR/1KFXK2bgTf01zuGHR/ufBoNzBtJ/8yD3BXwqCUYYDtlwn9QJAj96fup2FDnZK9nsPNvda+4W1BQBaQASm40cVoYPhX3aO0dnuOFzLiZJBjOiBED6yCd3GkKjhtwd8VJ/41SpTW5Kv8w+FUptcITjfLH52rghoy4f2lqn+RQo/D9L2kJyN4cCDIuAJIIkmZJj6xm0jQ1jZRwV5ioyKTm3yGw0+z3kKeUXgX1KJOUKyJVzKipJFrDSI14G9Klp9GSE4PDsjrE9pDyXHNFGDDi1Ad/AViwZqaU0WFOzcdEIea6lbmRtKkuOTopDOZUHxObuQeVa3aOPyBx8ApOHdw7kb0pWgIVpvCHFeIrmGwMcWnBpHA6GbEHkQSPGuktMpxCXgHW0pe63PnUlJbAZUGpCiM0KURKZBgG27S+0jiQu2ngfR04tTeX0d9YCEEepiEuKQ6BuHYS5oBKXEaRFZ3DbQwaUJKi6pdlKSChCQswSZ+kzX3lKSYo3pvtYQEt+rElQmFulDaFuQbwcgiRMJ3TAwIFZyxgtZyax7pAFSnrlBJ+r2lW7jAoVOIwu9bh7kpHxpAllR3Gr29nrP1TSVg0jQtYzZ41Q4rvUfcKYYbb+zkf/AEw/a0V5391ZpjYDiqOZ6JLOpocWwtGib6X4QaJUOUAjw9U/PnH+2LAMjMDvi3u7zefxWs9DOM0c10NbGonzoUH7HuMp0hebcdLrZsu6hwVofPXvml6XBXSGeijA1QPH8Zopro6yNGkf5R87qe0LMj0b2+lkFC4UgzIM70qSdLgkKUJBkSeNbBvpIHHVvzClWGUWAmYAj1bzpqZuSTR2GwYSICUD9xJ94q70RB9ZtB42KeH2CLWpdy8Bgrb28ubEngSndv3JmIO86VP+0ivsp9v3rr5+bGpByrTH2F38yDFX/m1H6R3+X4UX8h0QfVFwSPnWqTtMJ1VPhPz+NRSgjTv+fCqXcMlQ4HnUtMLK3ukDKZuQff5Vlukm1cI+O02vOLJWggEDgZ1HKPKTT3E7GHChxssDVAI5xTUQs531fMeNfCya6MvYjSvqAeA1qh7o0kfUHlToVnPw3TnDdInG05G0hCRuHHiZ1VYX5Vox0db0KPG+le/s43MBPzadN3OjaFmYe6RYhX1iBQi9pPGe2b/1raHou39jT51+NfF9Fmx9T2mntCzCl5e8m/3XqBJreDow3vR76+/2Xb+z76NoWYGDXwJNdBHRlr7PvPvqQ6ONfo/KjaFnPCk196s10VHR5rclPl83q0bEbH1E+X30bUOzmobNTGHUdAa6UjZSPsDyH31a3s9IFkx3fhrRtQZOaIwLu5Cj4VenZeI/RL8q6Y2gBKgRmVaDIAAtrCTM+FWJA1KSBxieOsXHjSpCycxTsjEfoyO8gH2mn2B2fioE9WP2lfAHjW4ZQkyRB7vw++ppwqD9UfAa601gXJjV9HVuK+k7RGgBJHOxA38/hROG2AlO4DvB94n7q1JwiRoSDuvO7n4/IopnEPIEJdUkcN3fExTsKEGG2NJgNgkcDPsuaMOzMhhSCjkpJHvFMV4h37KDp9Vs93rJF/hUWcUtGmdHHISnTmn8aVsdArWCST2Qk93zaiUYHgDUl40K9aCf1u0Z71SfKpHF8Motr2we+FKI9lFgfU4Tn4fIqfoygdB8+NfE4xQ1AI3QQfuBqaccOHz4E0sjPqWOIgeJq9OEn6yfGR/qSPOooxKCYm/eB7Df2ValYothR9TgFnTIe5aD7AedXHY74v1S/BJPuqiQYqbbpSZBII3gx7qLYURdwTguULHek/eKq6vvpkja7wEdc5Bj65J8CTb8Ku/Pr/6VXkn4UWwozq2KHU1w+deFMiKqcHK/zxqiQVFtdPniKtVhgRIE/PCvZbjW3LjXxEg21+eVS16GmUOYLh5a+2ooJHz93Huo9L061FbI5Tu7vn20r9jBurSrQGeE/efm1VvYU8PxqwtZe7Xd8+XCpB4gRfnb51p58CB+riw3Rutv/Gq3rEj3e+/famIUk/d88KgtoAb+8bvIUWMASvnPzEkT7PjUkrtcW4QPEd8eYq84cEWHzz+RVK8OQDYxx032+6mB4ODgOGo8NN3OpHhHH8f6VBZvE8T577Wjl3VIiDpw1sb3jfFojyoA+ZZtp88R87q9k4Hvtw1NvdUhB4iR7LfMfhU8o4/I8Y8aAKtxEAW1EW4WiwqHVcwBafbcxfxGk99XyeB13efnfjFfBpyvpz33NxyoApi8Gb6yPK4sDz31EsE6KKdwiDJ4Qd/6vkaKWjhCtNx08RcbqhA0KYnXSPaLjupAUjCwZJJPG261rAk+RHOppcVaFHxE7+Nied5FrVPqomCOJNpiYjuuL61AoJ1IjeCQfdrpYzNAFgxXFJI4pM24919ROoq1p9J0UJ52m3OhXJEnfG7je/vuK+ZYESkzciRpxj7xNADFCPH576kpvlpb550rbUQAAcnIabt2h70+NENvrFiM1psYVpOl83eDv40CCnGwbEeced/v4VD0RHAzykePDzqtjGpMSMpO5Vh5gx4zRAcneANxF7fPzamBUvCA3SSPAR7IqaGYHrnXcfuv8xUpjv1tXgq39KAPqUDmbb408AK91YG8i243+NfCs+72fP8ASvFY46+HDgPm1AEgDbhzqaVkapB8T9+tVg3tPHf876iFjw48L0gLxiE7wRb576mMQnimhs/GP6V9BHA/PhRQ7C3PvqtJ+fD8a9XqZIMFm3h7am4PnwFfa9TArdHz899fG3CAm+o++vV6kwL3rJkax94oTED1DxJB7or7XqSKZUhIkDiTPsq7Bqv4D3CvteofAkfFIBI8fePKpDUD5sK9XqEDIOtDMBFre6vgaBi3zY16vUDPhExM3Kd53gzVSd/ICPEV6vUAQCe0BuJMySdII1qxKRccx7id1er1AF41jdA9oFWAAaAWAItvk/CvV6gCLrYTpuiPZUWu0VzeBI77V6vUhgpvmHPdbgN1D9YYJm8e4CvV6mBcVWP7JPiJvXxkyqN0nS24mbb7a16vUElzCQQJ+sozzg7+NULQAlShIIVFiRaYuBY2416vUDLtlulTaSq5Othx5UcpAEdx9kV9r1MRBSbfP63wqxSbx86H22r1epACx2hr5nhNWhAmPnUV6vUwPhMEeFVlXzAr1eoA/9k=', 34000),
(36, 0, '2024-06-23 18:17:34', 6, 0, 0, 0, 0, 0, 0, 0, 0, 1, 30, '', 0),
(37, 0, '2024-06-23 18:18:16', 6, 12, 150000, 2008, 2500, 340, 1, 1, 14, 1, 30, 'data:image/jpeg;base64,/9j/4AAQSkZJRgABAQAAAQABAAD/2wCEAAkGBxMSEBUTExIVFhUXFRUXFxUVFxUYFRUXFRUXFxUXFRgYHyggGBolHhgXITEhJSkrLi4uFx8zODMtNygtLisBCgoKDg0OGxAQGyslICUtLS0tLy0tLTctLi0tLS0tKystLSstKystLS0tLS0tLS0tLy0tLS0tLS0tLS0tLS0tLf/AABEIALcBEwMBIgACEQEDEQH/xAAbAAAABwEAAAAAAAAAAAAAAAAAAQIDBAUGB//EAE0QAAIBAgQCBgUHCAgFAwUAAAECEQADBBIhMQVBBhNRYXGRIjKBodEUQlJTkrHwFiMzYoKiwdIVJENjcnOT4VR0hJSyZNPiNIWjw/H/xAAaAQACAwEBAAAAAAAAAAAAAAAAAQIDBAUG/8QANBEAAgECAwQIBQMFAAAAAAAAAAECAxEEEiEFEzFRFCJBYXGBkfBCobHR4TJSwRUjQ5Lx/9oADAMBAAIRAxEAPwDPqKcAolFOAVsMYQFLAowKUBTEJijijijigBMUcUqKEUwExRxR0dAgooRSoo4oATFHFHFHFAhMUcUcUcUAJijijihQAUUcUdCgAoo4o6FABRQilUKYCYoRSqFACYoRSqFACYo4o6FABUIpUUIpANkUkinYoiKAGstCnIoUDIQFLAoAUsCoEwAUoLQAq14Rwhr85WURyYwfYKHJJXYJNuyK5LJIJA0Ak91AW62OEwNiyrW7oVn0zxJBBOk1cXbGFsqGa2gOhnL76zPFK7SResO7as558if6DdvqmmUtFmCjckAe2unpxnDtorToNlOzaDlUHiDWLNxctkTvISSOXs3qPS+4l0ZcznrWyGK8wSDHdvSa3eFuddAtkWypMzb337e+s7xDgYtIzm8zuczABDrEk68qlDFJ8dCMsO0tCno6asXQ6g8j20u0dI7ND+PCD7a1XM9hcUcUBSqBBRRRSqFMQmhRmtFwzgItsHxZVbUfT1kxExUJ1FFXZKEHJ6GcpUVquL4LDObhU5Vt2x1eSPTMTqTvVBxji4dsMBZJAtQVUifROs1VHERZbLDtEWKEVCx3FvSm3byrAADGTPbS8PxS2SM8rqJ7I51aqiZW6bRKihFS+JYnDPdjCtKBFJ331neopqUZXVyMo2dgqFHQp3IhRQijoUAFFHFCjouMKKOKfweEe64RFzMeXh41e4LoneaRcCoCNGJmCO4bzUJVIx4slGnKXBGbirTg3AXxKsVZVCkDWeYmrwdDrY9fEj2ADfxNWmC4bbtKgsODFwda0zmyggg+6qKmIVurxL6eHd+twM6ehd76235NQraOon1qFZ+kVOZo3FPkcgNogAkaHY9sb0QFTMQ2e4La7JCDvY6t7z7qYuW8rEHcEjTurTRq51rxM1WnlfcJUVqOhX6U+A7KzArT9Bv0reA7add9RhRXXRJ4xc/rF3XX0NBPb3VN6QozqoVz6q6CddeZ5VV8VBOKu6aygG8esO+rTF4lVBkjQSSTAA7STsK8/jcW8Okoq7Z1cPQVR68EZzD8asWnZXxCW2XICpLTKnUEVP4njVxFxWslnUDcK4XcbEwDWb4r0osI56pBcc6FzpbEc43aPZyjesvxHjWJvtlzu+/oICBH+Bd49taKcq1SKajl8f4S/lohONKDd3fw+50HAcQTDOxe7ZUn5puel4lQSaj4/i+FvaXMUI10VbgGu+pma5les3lBJs3ABJJKOAANySRpUezqS7HQfj7veRU3hZy41H5WX8N/MSrQXCK87s6dg8FgnhLWJ15LnXMfYwk0MXwG5blrbK/arjKWjb000H2TXMFvMSSqHLPIEge2tj0U6VlCLV9ibZgAt61vsMndfurNXo4uks9Oo5dz/j2i2lUoTeWUEu9FhhL1t3Ntg1u6N7b7x2qRow7xUprCDdwPFh8ay3TjhBs3y4EpcJM951In3+3urNiOwVpo0aleCqQqtJr/AL2kKlSNKThKmtPfI6Oz2RvetjxuKPvNNtisP/xNr/Vt/Gue5qGatEcHVX+VlLxEH/jRvzirPLE2v9S38akWuL5UyLibOX/FbJ7N5rnFG1sirOjVO2o34ohv4fsR0g47MuWbJHcR2RyaqNOjpBlbnKIg/eGrIFKASNY9tSjQqL4vl+SMq0H8Pz/BqMdwS/MrrtsxB27Dp76h2sLdX11f1TvqKqkxbrs7jwZh9xqQvGLw06xj/i9L/wApq5Qqd3z/ACVuVPv9+g9w286ucrEad1dN6CYO3fZutXPCKRPaT3VzHC4wliSAxPbCnzA+8GugdFuN4VNVu37bwA1shDmjkpA9L2a1Go5RgxQSlJFn08wtuy1sWkCaNMDfaszhrhMzWxxeIwuLIL277ZSVHrgaifLSjs4fCbJhLnpZfSYOACeXpffVNOvl4ltSjm4GUo4ra2kYA5cBaETuR6UDQie2pdjEXJ/+ns2xPNkmI7uc1Z0tciroj5mCWyx2UnwBp9OH3TtauH9hvhWxfF4qf0uHX0T9qfR2G0UhcZiMwzYqyBmmFRiYjVZn20ni3yJLCrmQOiPDLyYlWe0yrDakQNRpWo6Q4Xr7L4dLgV2U681nSdKz4unQvjGYDMTCkDKTpz2G00MNgzdLoLlyUiWQw5hs2Uk9orPOq5yuXwpqEbC7vRIliWvDW5YuRG3UgCN+ZFXPAeGLh7b2xcD5rjPyGrsWO3LWsZdw2HYli2JaRdeDeIEWz6cAHlMVa9G7Fn5QOrtsGSyDmNxmOS4CV30J0NK5Kxe2eH4nL6TWJ12mN9PdFFVdw6yerHoYgeto7KW9Y7x+IihQBhOGk21a6RqoLeLvovvNKtWJtF2PMAfrMdTTKcRzXrdsAgG31h9LQ6aA6aRUC/xO413IdlIhAwYSw7aow2Jcp2Sa0v2cB1aayk81pego/ON7KoMRbAMdkAntMa1f9CnCtcZiAoEkmNANSa6VWV6dzHTjadhrjGMFu9fuM0KrKSYUkkHRRzJMRyrCcc47cxB9I5U1IQbD9ZvpGP8Aatl06sE4YlVJzXg7GNhlaM3YPVFc7uqSQsfrN3hdQvtj3iuVhnTrve8nZe+/6HRqxlT6nqMYpisCCGMacx2Dx7e8n6IrVZP6Ow6Raz3nHWXTIGVdgJgyAWAgbmTVJwZrHXtcxF0qEHoQCxZ+TbcjLa8yKn9MeMW7h/NNnVktop1HooczaHWc2nsNbG7uxikru3YV/GOk7X7TJ1YQMQSc2bQGSPVHMLVHixlRV5+s3idf9v2aewtjO6qdplv8K6t7pqdgOHPiMTC2y+pJA2039k/fUm4xV3oiShbSKJlnihwqrZ6tdACTJEkiSaWnFvlBFt7YCsYzAn0WOikT3/fV3e6F3bjl3KrMbgsdBG2gpF7oNd+ZfWRqJSBp7TWb+qUFo5+/Ql/TJvrZdfH8kvhln5VhbmDvH87Z9Vu1fmMO2NvAjtrGcRt21thWQpfRirADRgPnHlP3+VaDEcT6jGowjOhK3QrTKEwB5ajxWpnT3gocDFW9QQM0cwfVfy08I7KqpVFhsTkT6lTVdz/Jc4Sr0VKStKPHwOfUKcK0kiuymYmiZa4aerN1/RQDfmx5BRz19lQlfXX21bcW4x11pFIhgZaPVMCAR5nSqcipXK43fEvupwt1GNpXDKJIYn2EQTUE2QVIA8PGmuFXctyOTKyn2iR7wKsET+FJEZKxSA1Jw5lSDyprF2iHPfrSLRIM1O4NXRNw2GzGAwXsmYJ5DTalX0e0xS4pVhyPuII+8U7gxDKf1h99avjNhbl+4riQbwHgFs5hB3BqMp2ZFEXg3TC9bhblx2t7ZgTnUQYn6QmK1GF4k1wKwuFgThQSCSJuMRdHdt7K5zi+GvbGcekmVGJ5rnEgHt8aXwrij2XDKZGZWKfNbKZGnb+O2aKlBS1iaadZrSR1XpWBad1tyAMMzbz6WdQD99MAnrgOXyplj9UYXNHhOtVXEeklnFBrgYJOHCFHYAhjdBIBPraAmR7jIqxsXQ10MpBBxN1gQQQR8m0II5d9ZMtjSncjgk2RqZ+S4U782vGT41LA/Pr/AM3f92HNQ7X6Ef8ALYEed41NUfnQf/U4s+VoigCuj+rf9Ba/eu1rui/6bGf5o91hKycfmP8AosL77prWdGf0mMP96fdaSgDKL+jX/lscfO4K0HRlfz93uw2HH7jVnxpZB/8ARYs+bitB0eP5/EbaWLA12/RnfupgP8JsRZX8zl9bTri0ekfnc6FK4GifJ0gYeNf0bEp6x9U0KQzmOFwl3rTdlCLdtkMgwVTSfbScPwy47NdCKijKSF0A5CO+rI3FFgW1YZnYA/4Rq3mdKsMXC2VSN/Tbw2QfearhFKaaXd5DeqsQnYKpJOgBJPhvUfgOMvYq+tu2MtoMr3O9VYEByO2PVHvipnCsD19wW2E2wZcHsHI9oJge2tzh7KqIUADkAAB5Cs21Npbr+1BatehdgsLG28lxvoI6oiq3F8DsXPXsrPasqfNYq4djyBPcIB9maBRWiY1Edg0mO+Ce+vLxnKGsXbwOo2n+pXMu3RFAItXr1sSTlDejrvppVPxHoI7tmF1WOnrDJt4TXQstJKVqhtLEx+L1sUvD0X8Jy5OieItEnq8+kSpWYO+hPMEii4fcu4S4WNm4sqUnVMuoMyQQdo9tdQCg0fVVqW2KjVqkU178St4SF7xbRhcT0wEKBbvIwGs5GDHt1AI86Xb6Z2dC1u6O2AhHfEvtWvu8Ottui+IEHzGtUOL6Ih7hYYi+imIVLj6acyzNznkN6j0nCVf1Qy+H4JqNaH6ZX8TBY7Cs958VEW7jBUkjP6KrJIHgK2nQzFi9Yaw+pTQTzRtvIyPCKYxfQxyfRvzA2cGewSwOp745U1wfguJwuJR8gZJyuUYH0W0Ohg6GDtyrbiK2Hr4fJGSulp5eNiilCpTq5muPHzK7pB0NdWLWYg/NP3A/GPbWebgOI5WwfB7f81dncjMNeTecrH8aav2LbesqnxAnzrLR2zXhFRdn4ls8DTm7rQ47+TuJP9j+/b/mo/yYxX1X79v411O7wSw20qe4/GmDwK4v6O6D3N+DWlbbqPkvFP7lb2fTXG/vyOanovio0tKD29ZbMe+mz0Vxh7B+2n81dIe3eT17UjtX/aiXEIe499S/qtfjp5f9BYGl3+/I5v8AkljZ0APOA6k+U7Ux+TWLHzEPcWWuoNhVLB4BYbNAkTvB5U/15Ojqrj9Ya+w7ihbYqrsXz+4PZ9Pv9+Ryj+iMarStrSTADIYHITOtTOu4hmzNacmQdeqIJC5dYjlpyrpowdp/VYofovqvsO499MX8E6esNORGqn2irobXvxt5lUtnwOdjiGLWB1BAHV7oNer9WTmqqvW7wYscNdAJn0UJUT2RyrqfVVFv8MVjIlSDMrpr3gaH21qp7Tj3FUtnrsOXXb7L6QDAjcMpAI9vOrrhPEs4BRspTUw0ZQdyDOg5Ed/eJ1t62U9YafSG3t+j+Nai3LABnKPKr5ThWs/oQjSlT0RolQ5B/lcPHneNSFP5wf52OPkpFUmG4m+0hv0MhvWy2XzIqnzGoO9WeDxiuwjRh8tcqdwHGZddjpO3ZUWKzQy36E/8pgR53TWr6Mb4s/3z/wDgorM3khCP7nh4/wDymtL0aOmLP99d9ygUCMkT/V/+gxHvcVpOj5i/ittLVncafoufbWaA/q3/ANvf33K0/AtL2MOohbQ0E7WRsOdNgiTwG4Gw9sh7TSD6SW8qn0jsvKhUngN0th7ZLuxIPpMmRjqd15UKBnGcLeUOpYwMwnwmr7EcYtMzGTvpodhoPdWYWlrWzcxvczKq0broiwZrrKd8g8Nyf4VrrYisP0Yxa4bC3L1yYzwoHrMYAAXvmfI1Y8K6YW7lwI6G3mMKSZUnsJgQfdXkNo0alTEVJwV0tPRI7VCcVSim9WaYjQGgKJTpQrkmkVRRQmhNAhtrEn1mjQwcsaGeyffTlHQouAU91FIpVERSGNC0Dr3n/aiNgUpNBTeIxaWxLuqjtZgo99Pi9BptCXwgpHURvUm1eVgCCCDsQQQfAilMKd2SUn2mM6R46/ZvqlpEYOCVDEqSVAlQZgtueWkVWWOnmQ5b1lkO05tDG8ZhBHga1/HOGLibRtmQQZVxvbYbMPh929Yjidq4qDD4i2STctw+UdW6qSWh5kE7baZt+zt4FYetFQnBX4cWn495krOcLyUn/HgaLCdObDfOYeKz/wCM1aWsfhr/ADtsf1SM3lvXLL9vD3LVoiEvMpzA2kW2WzABUJG4137KewnR8s5Fu5lhEbrCVygsuoB9UrmkbfOHfW+exKL1hJr5+/UyRx81+pJnTW4Uu9tyO40zcsOvrL7a51wzpNiLbi36cyFAUnUnaEcMGPLQpvWpw/TC4kddaOU6AleqY+CsSj7fNft0rnVtl4mHC0vqa6eNpy7i5yA0u1dZdjp2HY+ykYTEjEAtbKIR6ykMXUkSA6nLkPmKbu2XG9xv2Qke8Gue4tPLLR8ma001dD7hTsMp7OX+1NlKj5f7xz9kfcBSgg+k/wBtvjTWnaA49oEQRIPI7GqtuHlDA1Q7A7r3d4pfFb162AbNlr2+YdcykdkA7+dDhOLu3J6yxcskDcurqe4TrPsjvrXSnVhDOmreK+l7/IplklLK1r4P68CHiMERqKSknQ7jY86vGtz84/u/Co9zBTsfdWiGOb0kQdBdhAbjmWUurJJw4zr9Cw+Yej2kSNxt31quinGbD28QVurL3LrqpIDQdtDzrn3HlysSfmoxPgNay/CWukBkKg5wBJOsgnkR3faivQYeMa1NS7Tj126U7dh0xV/q8c/kCrHPMX1Xx7q0nB76q+MLMADkgggExYUHL26zWXtg9WhYHMyqxjtP8NKAQySBVMrptMsik0mjddHsbbOFtnrG9X+1des3Pr670VYXqgdSTPOhSzEspg1xy99Orjk7/KtGvBrP1aeVKPCLGg6pOznWvpCM25Zf8F4etwWM6ZrdpLZCfTv3/S1H6qgt+1SOmli2UKsw69VZk9ELn6tnW5bGUawqlhJ5GN4rQlDZw7NbX0kFx1jZQZsIY7QEUj2ms9ewgdcPiL2nVWRnUjZymQgzufTzT2qewisOHX9tPnr66/yaaj6zXLT0LLopxE3bADGXSFbtIiUb2qRr2g1dVhOil/q8RaSdLmHUHve0zjt7FYbVuZry+0KG6rtLg9V5nTw888ExdCkZqMNWIusKo5oqFAg5omOlCkvtQBB4tjxYtNcPzRoNpOwHnWDwvDb+KJvuRB3vXSFUfq2gZgDsEnvq84lGKxJR5+T4eGePn3DoEHKZOXu9KpNziCWA13GAradFSwixlyOfSbLuAsBhOpIJ5TXp9mYTd088uL+hz8VWzSyrgiNwfgt22esw2IVwSJVlvC28mIz5YnkDArWDNswKnSRInUbSNPaKznGuN4lLF23cNtV6yzaslARmgLmusw1ykvaMiOfdFrw/jNq9FsItu6ijPbSerytOVknbbUfrDeZqG1MLGVPerivmvwGFqtSyPgyflpu9ZDCGAI7DqPKnaQzV5250kU+O6OWHSSg3jLqOUzoe+qC70NtCera5bnUhGAB8QRJ8627XFyRzzTPdG1Q3ArZDGVoWyzfqLcQn+qKMLa6JvauB0ulioMBwdCREgg7jke2nsBw/EBTa/MqDH5wlnKiZgJlAMaxO0+2tay1G4hireHTrLh8BuWPIAczWuO08S+re77NCl4OitbWC4VgbWCtEIYEDO7QCcogTGgAGwG1ZLpB07AYrh1DfrtOX2Aat7vGqzjXFrmLeHJS3qRbWIgc3PM8o7xVQ2As8lI8Hb+Jit+G2Zd7zEO7fZ9/djLWxlllpaIdvdL8UTpcA8EH8ZqM3SvF/Xn7K/Cot3BICQGfTfUad21NnBp9J/wB2uksLQXwL0Rider+5+pN/KfGfXnyT4UD0pxn15PsX+AqEcKn038lP8RTbYVfpt9kfzVLo1H9i9ELfVP3P1J/5YYwf2s+z/en7PTvFg6sjd0EfxNVPyFfpt9kfzUS8PRjqzTEcht50nhKD+Beg1Xqr4mbDhnG7OLnrDkciDIkTy01kT4A6inuLvbS4nV4cowk3ZYZHc80OvobEAAb1jrOBAPozJIEzr5itVwbiBJ+T3oLKSEc9o3WaWWVBWi+ry5fj6DvGs+tx+ppuBcQe/bPWADIAARIBB0UamdI3qddMHf3d1ReBHKzgmCRptqQe/wBtP4jFEHceS1CSu7lnDQfs3PRFCoJxx+kPJaFLKwzIR7fvoinh5mj6vupnF30tKGcNlmJXWO8zsKmtSHA3WNx72sOtxFUjJZzliYCszTlA56tvptVb0gxTW0hH6ySqsrpnQhEbMpLD0jnYSQZBMabVL4ZjbV/AWC2q3VtoACASbN4yNeQAMxrvWYxnGuuw9zrfmXrnVFFAC9Ulq71RA2UsGGbuA56OKskiLd2ZzBY0rctPOiXImRsb7FuXYx511G22lcTtXYRRIEvAJ0jTeeWtdksIjjMpBB+cp39q1wttQ60JeJ0cC9GvAmhZoG2eyo62Tyc+Bgj4++nJujkre0j3EH764ljY20KIoBqQccw9a24/Zzf+BPvoLj7R0LAHsJg+R1oysVx0GmsXdCIzHZVJ8hNPZVOxqs6QiMLe/wAp/LKZp045ppd4N2Vyu6LYQtbsIwB+UM9y7OzKcygzuCAtwg8iRVD0r4VfxmKsuCbthwAHQRlVNHzjZCAADsBB2563grlUs9Wma58iUjM2W2FzQ0wMxbU7R8M9wbjb4jEXME1pEsq2YJaUp6Vu5JLnXMGAMzqSV1mvcJWOE9SdxTBG+iYYTbe1hz1TMso9sgF5FwRbKlYXUGAZKxIZ4VhcRhDaW+jNdvPmvXAoyhZyWkzAQfpRv6Szsa1XAnw2W/b603PzgRmuSwi7qlq2SACoJYADsnQEVgzxi+3ESq3nW0tsO653Celc0UiYPoEADnrVWI1pST5MnT0mn3m8moXFMetm2XbXkFG7E7AfjkalmsH0y4r+eKjaysxO9xth5QP2jXlMHh9/VUezi/A7Napu4OQvFdNCjlWS3oY9FmOvYJApA6brztn7vvaqaxhirAMvpKMxJIMmNSI0kliaq+OXyLD9p0+1pXep4DDVFdRt5nPeLqrtN9wPpEmIuQuTTWCxkjuAEHzrN9PkufKM7a22H5vsX6S9x5zzHhWf6K4hurIEgo0qy7ht9tj+PCuiIxxWGGa0Dm0ZToJHMcxyI7KonRWBrKrFXjwLoz6TTcG9TmVjEMjhhyM8te49o386dxHEbYSchzAaD5pJ0BMHYb7cq235HWzvaC+F5/4qap8ThMDYdkIxDQ0F06u4JA1Am3MCfMV0Ke0KVV2in6fZmWeFnBXbRi7eLUDVtTJM9po/lafSFbazewPI4v8A0bP/ALdTA+CP9pivbZs/+3V3Skvhl6P7FW5fNeq+5zz5Sn0h50OvT6S+YrobDBH+1xHts2P5KSbWC+tvf6Vn+WjpceT/ANX9g3D5r1X3OffKV+kPMUXyleRFb42cH9be/wBO2P4UycBhGJ/OXDo2kW+amYEHUCTtyo6XDlL0f2DcS5r1RQ8MxY61CIIYGG5DT4jL7aiYm6129mUekbgyxO8wtaTA9HMHew+ay94rbZgW6xM06TKm1ppHkah8ZwtrAWhdtBzcY5LbuwYISDLiFAzATHjUVjIz6kU78LNfUl0eUes7WLHiPHLSvoGZkIUkOqLnXRoJ7wda1GIzMqtBGZQYkGJExtXKcJhg+EJgatYtrtObrCx032ffblXW7inIN4Gmx5VLKo6JvTn5CzOWrKwo/Yf3fhQqTlPaaFMQyt3x8qeR/HyptS3YPfR5GqFyeUu+EcbtoHsXbgtC4Ga1cchUzlOruWyTosjKw7TNZTpvxPDqvyfCEQxzXSj51z6DIG2b1UJI0lfGpuL4f1qFHgg+YPIgjY1SXOhp5XT7VmpRnHtZFwfYZVLo6xTlLKpiAQuYncyQfHbyq/4FxRxcS3h3uIXcGMgKmZBzANoNJnllJ5mnH6E3NheAH+Dz58+dHY6G4hCSt8SeZsqxHLSTp7KKm7qRyysEVOLukaq7iMeB/Zv2Tp/+ykJx7HW/WwxI/UJP3gj31nU6MYmQXxII5jqLYn2japTdHu9Z71A/gaxvA4d9iL+kVTS2OmX07NwdvoEx4lMwFT7PSjC3PRLqD9FoB8jr7qwF7gt5YyBJ7RB8puJSLxxK72b7DuFlwfZnNZ57JpP9LJrFvtR01Bhm1XIJ5qch8xFKxOAD22UO0MrLE5gcwI3aTXHm41ct63MGVE+sA9k/ugCak2OmCg6NiE7yVuKPOWrPLZFVO8Ze/fcTWLg+J0vobiYTDM2jIXw1wfRznrLU+JkeNV2G4XhsNxN3e6Ha51q27KajKlprjG83LRPVHPyrOdGulVtbzsXZ7d0RfAU22BY6XFHI945z9KujfJrXyPMgRnGZrd8E5GN0dW1wtrkhWOZTooGmg076vbU57tfQoeH9JrnyjDWQLIUMguWwmiZlyW1tvJIdRIg8p5yKjcH4ThcVfZ7Ya2023v2/SdQtthpbuGIn1SrcpgmDMzgvQhkazc+U3GtC4uISy1hsyOR9PQjQkQfKqnjvHBh8M+CtZOsuO4uvaIMKxMqWGnWQcpgkAA6yYUaT0Ema9X0rl3EeE4rM2e2Sxuh20zA6kx5wfZV1g+mV5t7NtYGuZiIq1w/G7twjLZtsewP6VcHC4bF4Zu0E796+5061WhVWrZhhfxCEzhXEndeyZICnt7Zqq46j3EAW3cHpSQymdtNprp13jGJXQ4Mz3Of5aiXeO3ueDaP8z/4V0IVsVHTcr/ZGZ06L+N+hk+jHDwcttNWjYggydWLdg7+zyrposrbRETZVAPeZJJ7prKnpQ6HXCN9sx7fRFI/K1/8Ah29r/BfCsmMpYvEW6llyujRh50KPxX8mWnSDiXUWS3zjog7WO3x9hrB3I6lCRmm48zm10WTpudac48bmMdXfMmSYVW9Fe1iSAeXkPGs9d4uAAnXtCkwUXQzAOpI7K6Gz8JuKfW/U+JkxeI3ktOBd23X6tfalw04Mv1af6Fw1Qf0uOeIu+X/yof0sP+IueR/mroWMtzQgKP7NP+2f40NPoL/2zfGqf+nbeWDdfN9Kbu3hJor+MUb321AMAXdQRI3050WC5b9X+qP+3PxqRwqyDeEj5tw/osm1p+dZk8QT625+PbS7PGUttmFy7sw1iYYFTz3gmk0NMndC+O/JsWyN+ju+iw7D80x7Yq96d4CcMcuqytxCDIytKwDzhoXyPOsRbvYOZKYljMz1lsa+xJrTYLpejWlw6W5UFv0rlmIf1lUgCBMHnqBWR0J79VILjo+Hk+Jcqsd04SfhxIfR3h5ZrKFgqC9auMzQNVALLvovogSefv6VfxtkCOtt/bT41R8De06Gz1B9MZSS+Yywyg+ruCdBoKxOLsPauPbMSjsh0InKxE+2JrbOg+3QzQrLs1OkfLrX1tv7a0K5lmbu8qFR6OS3x0tb1PJeqvya704k9v48qy5UaMxO63u99LF3u99QtaOT3UsqHmZMF4UsYmoWvdQAPdSyIedlguK/H4FODFj8f/yqwMfwKdBqO7Q94yabqHce6kk2+w1FD91KnuoyBnHWCcpHlUHE8Ns3PWto3iin31IzfjShmqSTQm0U/wCTGGDZhaKtqJVmGh3ETBHiKjpg8ZhGLYO84UmcswfaD6LffV/moM9SUmiDijMcR41xS6pS418qdwq5QR39WBmrOXbF1T+iu6bZbdzTyFdJJoj4e6p5xZDlrPiAZW1fBHPLcke78e+ptnrXJLXsUp/Wstr7RmroRAnanBl7KN53CyHOr5vI09fJ7XS2SfGVmox4njV16wH/AAoPdABNdOaNopl8JbO6IfECmqncGQ5uvH8d9Fj+xd+4GiHSzFLoQkj6QuSPGXrfXeD4c72LR8UT4U0eBYf6i2P2F/hUt4uRHIzB4rpTeuW2tuiFW3jMsjskGYqpF5PqR9u58a6ceAYf6lPKkHo5h/qV/e+NPeoWRnNRigNrQH7dz406nEmGyfv3PjXQz0aw31Q83/movyZw31Q83+NPeoW7Zz9uJuwKssg7jO8ffScXi1uBZsqSqqg1YeiogeqdT3kSa6F+TOG+rH2n+NF+TOG+rH2m+NG9QbtnM9PqF+0/81OpcMR1FrYrqCTBMz62/fvXRj0Zw31Y+0/xox0Xw31f7z/GjexDds53YwytuET23CfIGPfUo4KwNVYz+NpFbr8lsN9X+9c+NEei2F+r/eufGpKtHkLdsx/9J3RtdbaOXwphsU7MSxzE7kkk6aDfu09lbf8AJXC/Vk/tXJ9mtKPRfC8lP2nn76lv495HdMxIun8GjraDozh+xvtNQo38Q3Uiwt08tRVNLzd1ZTQSh40eWo4fuNOK00gHQKMrpSR40ftoGGKVpTcUoTQA4DR0gE0eY0hh+ygwoZzRB6ADFERNAtRBqBBgH8CijvpWYURNACVGtOR40hBrTk0AIK+NClFqTnoAEUUd1KDUZagBorrMUPYKckdtIigAADsowo7PfQijFABUB7aUYoTQAQHj7qPL3mjmjkdtAACntoFaAajz0DENNNsv40p4vSGoENQez7qFKgd1CmBABpQ8aFCpCDBFOo4oUKTAetsIpYIoUKQwzFFIoUKADFAmhQoARm1pc0KFABzRhqFCkAM1ChQoGGg1pZWioUAFFCjoUCEmioUKYANEy0KFIAgtEUoUKABFGooUKADigRQoUwCpJNFQoASXoi9ChQAnOKFChQB//9k=', 15000),
(38, 0, '2024-06-28 21:53:12', 16, 0, 0, 0, 0, 0, 0, 0, 0, 1, 30, '', 0),
(39, 0, '2024-06-28 21:53:38', 16, 32, 123456, 1970, 3500, 426, 1, 3, 15, 1, 30, 'data:image/jpeg;base64,/9j/4AAQSkZJRgABAQAAAQABAAD/2wCEAAkGBxMTEhUTExMWFhUXGBcXFxgXGBcYFxUYFxUXFxgVFxUYHSggGBolGxcXITEhJSkrLi4uGB8zODMtNygtLisBCgoKDg0OFxAQGi0lHR0tLS8rLS0tLS0tLS0tLS0tLS0tLS0tLS0tLSstLS0tLS0tLS0tLS0tLS0tLS0tLS0tLf/AABEIALcBEwMBIgACEQEDEQH/xAAcAAAABwEBAAAAAAAAAAAAAAAAAQIDBAUGBwj/xABOEAACAAMEBgYGBwMICQUAAAABAgADEQQSITEFBkFRYXETIjKBkaEHQlKxwdEUI2JygpLwFTPhQ1NjoqOy0/EXJDREVHOTwtIWdIPD1P/EABgBAQEBAQEAAAAAAAAAAAAAAAABAgME/8QAIxEBAQEAAgIDAQEAAwEAAAAAAAERAhIhMQNBURMEIjJhFP/aAAwDAQACEQMRAD8As19I6qJaBcgt7MioreUFsccKV38ItbF6RLKyi/fVq0IugjnUHKOWDVm3HHov7WR/iRIl6r2winRKDXMzZOAyOT/qkTvzjn1dLtnpEsssgXZjVyuhTu3kRSWn0nzC1JdlopNAzMSThhgAMfGM5YdX7Q8v+TqKiqzK4jAg0w3QpNT7SUIZpd6ud4nDPOn6pGf6fIvWLB/SXaiSR0aqcgExGO+p90UNl0hW0qQxWpapFMC4YVHK9Eux6k2hTiybfWOVTQ9nOJh1PnXiwaWprgA0ygFMKC4aRqfJyh1Ls+klIW9ap9bjg9TMgO14lTQMMAPujfC1t8o0+stLXpR9XO6Tvbtm4cNvfEZdTrQt668oXq4Fnxrv+r3w7M1StryVUzZFV3vMAwxoPqqxr+tz0nRU6fm1nyHS8A0kL18G6rEdam3ARJW3iZMtBpW+qi7WnWSYtKN92u6JWldWrUTIJmSC63lHXm4hsKVMob4nSdT5wFOkljDOjnZzrntjPPnz98YvVQ9U0FePVNaAbSTsy3w19MoKKSThi1R30GVOMX87UN2H+0KDvuPjzxxho+j18P8AWx/0iajdQvHm5cPk5/8AZcZxLa1CxbrVNCSAM8lBzNDSuGdIO1W/DBjep+HOtLtMOcaSV6PioAFpWo9boCTsxFZuGUCb6PywobYe6z7eXTCJ/wDPd9GMdbJrOQVIrSgORG2uefHnCLXJEqWBUXscNpJHawy/hG3kejpVrW1nKmFmp3/7RBTvR2jZ2tq/+3H/AOiOk+PlMn1DHPWoAZZxIGBBwGFagUyg7O12jcMyKjtUw4x0Sd6OpDkE2mblTCUgrgBX94YMejezgU+kz8PsS8dvtRu8LTGLk6WaaUvmpQUF44AhsAAd598WdpOGBJY1LtQUqTXBgccKRpZPo8sy/wAvPOIPZljbWJszU6QTXpp+eAHR4Y8o48/h5X0WMQlpKrXPEU/WezviqtFsJoaLnU4DHfXfWsdIbUizEYzLSfxSh/8AXEX/AEeWP+ctP55P+DE4/wCezzYYwUm2XmqacsQFwGVDX9CCnW9sRvJrXcdg/WyOgJ6PLGMektRxr+8k/wCBCv8AR5Yq1L2r/qyfhIjX8PJjmaz6NXMjEcSKeUOWVxMmBWJ6xph4gUO+OjS9TLCf5Oa1d86nkijCJNn1TsKG8tnNaUxmzDgc6Y4c41fhuePZjFWiSjkALQqBQhbrKQCaXwMM/jziuHKqt0kCt6rE4UrlgTXh3R0FNXLEDUWbZj9dPpStaUv7zDg0HZMhZUp/zbRw3TMBgPCOE/zc59rjmiEy2UtfoASK1FDnQ4bq4GGLVb5hIUMwqaZmoqeGcdUmaFsjVrZJR2du0cP6XhDZ0BYqf7HJ2ZtPOWX8rHWf5/vl7Mc/e3S5K0QEEtRq3QTjTEjPbj/nFPabUGLm6DSgWgIVVFfM/Ax1ldC2Mf7lI/tvjNhX7JsmQsdn8Jm6nt7ovx/5+vnfI40k5akmoOa3aUw3im+kT5k2qABy1AQerQDCmB2mp4Zx1M6Csf8AwNl/I3/lCl0PZMP9Ts2GX1e/vjpfj26Y5IvSDC6MN4SDjrZsNnH+6Wf/AKSwUT+d/wDBLlvD+FIWdXbUMjJb8TA+aQpdE2kZygdmDp44kGOkaqs0OoTpVApSYx8cYswcYqlsdpSfM/1eaVa6QQtRUDHERMvzBnJnDnKf5RplJDfGDvRCe3ICLxu8wR74IW5DiHHiICwJhudJv7aUr8D71ENJaFIwIh2XMG+FVC0xgFbc499fhFkr5RV6e/csd1D8PjE+zuCAa5iLESAYFYSBTbBpACsJgpzqBiwHMge+GTbJf84h5MD7ouIkmCaEC1y6dryb5QazVO33j3wymwpYKsOXYSFiKImCYwukEYBN+E14QDBAwClMKrCBCgYCFZUqBzI8zDjoQK+XfC9G9nvPvg7QhIpXYcduMQCzgUyhxVpDcuWQBicBTbDiQBLLz7oYdKmJCmGpNSSSKDGnugGp6Uphz3QVnWuf8IetIqKbz84VKSnKCk1NTTHKCeVhlCiSDwOfhAnnCCE9CN0CGZlqINN0CCtvX9YwITSDpxP674IP9ZCBXn40gqQYXhAHfO8+MMzLPLbtIjfeUN7xD/RndDD2uWvamyxzZa+FYYaYOh7Mc5ErulqPcIZmaBstKmUFA2h5igeDUhnTGskqSuDX2OQFfP8AXljGD0ppybPNXbDYuwdxw8jzjfH47WbykafStmsLKydNMANBRHU0pxZSYplWTLoJc92AwoxWuH2hLp3UihnWu6pYkAAVJKrgBmezGXXXZlYgylK1wwpQbqIVx746dePH2ztrfawaYuSC0kTWcEVAKM1NtLoPDZ4ZjOSNJTpuXTV9iYroe4N1T3EnhCLHrbZpho4KHuI/K9B/aGLiZYlmLeluKZBhW6CclcMLyE8RTdWLLPpPKmGkHBpQg7qGvhDq26bxHMge+KnTRmSHKTKgihwxwIBBG8YxRztJnj4xf6Q61uZWkpq49Ki8zXyuxMTTo9aendKNfEMI5g9uc5Q00yYQTU0rTP4RP6T8OtdWTWmWmU4n8OHgSYlSde7P65x3ig8o4zdYnGvcKnuG+OuWf0MCg6S2PWmIWWopw7R95jF5y+4vr7W0rWyzN2Zq8iaH+MWaW28oZUmFSKhgjlSN4YChEYPTXortcgF7O4tKjG6B0c0clJIfuIO4GKvVzWe1WQnopjKwJ6SW4JFRnfkmhPEijCmJG3OS+l7frpbW8DNWHNWHvER5ml5Y9YRb6o+kGRbCJTnoLQckZqrM/wCTMNA33TRuBzjWtxNef6MYtbjnsjS0o+sPGJCW9PaHjG0aTLOaIeaqffDD6Ms5zs8k85afKGrjGaNtq3M9ph6baABgRke7lGlbQVl/4eUOS3f7tIYm6sWQ/wAkR92ZNH/dDTFFZ5wOJzrDpYEEd0TzqhZvVeevKYD/AHlMIOqS+raJw5hG9wEJYYhS2FAOEIkKAfH3xMbVKbstQ/FKp5iZ8IbbVi1erOktzEwe4GGxEW2kUHMGHZAAGG01hm1atW/DrSDydviohKaKt6ihkBvuzZXxYQVKMJbGIzyLWM7LM/Ddb+6TEd7TOXtWeevOVM99IqH5oxMHEP8Aag2o/wCRvlBRMHRawKwkCFUgFVjL62260hlSzTEQYhy1QRxF0EtyBXbju0s57qs2GAJ8BHJl1iDXZc28JgCglqUmNd69CMO1UcfKN8M3yzy3PCxlSFcjp7XNmnbSiJzqbzj80FpBJEugWWrGtVLF5hFNpaYTwy/jFaxNSTtg0tFMCARuPwIxGzIjKO+T6ctM2iZUkkkk5k/rARHBicZCNk1Dub4OBj3gc4YtNnaWLzKboBJIxGGNAy4E/wAYbgyut+kaAShwLc/VXuz8N8ZMMBsxh/SVoZ5hZ6gt1sePvAAA7oi5mOHK7ddpMhZjS6iaw/Rp6rM60h+o6nKjHZuxpyNDsjMVgiIzq46trxYukQP2mkgCvtyjS6e68pHBzHO7RLoY3egNL9PZELdZpf1UwH1gR1SeDAlSftoNkZLSdluOyZ0OB3qcVPhSNsKytIbM3MQ/MlYE1xrlw3w0EBUmmI/hGbcXDci1Mjo69pGDDdVSGHnHofRnpM0fORWaaJLMKkTKoAdoDmgahwqI85NEqwzHowFTLGLipC0JpQ8STSJSx6msukpU0Xpc1HG8MCPGKbWrUyzW8Xpi3ZtOrOSgcUyDbHXge4iPPqyJFb0ua8k7OlQ07p8nE/kEXlg01pOT+5tDzVH83MW0f1WrMUdwgmJ8rUxzaJuj3IFpRelktX6u0INgrij4Eg5dVwcgYt9B+km1WEPZrbKec0sFVLYTUYDqrMJ/eJl1u1T2qxmpuuVqNts9pnBTNkVUDskhlIKvUkjttnvOEN6z6de32jpnRUNxUAWpAC1pXeTX3bo1mkuOoagekk6QnmzvZxLe6WVke+rUzUgqCDTEZ5GN+VjzZq9padYZ4tFnCE0KuHWqEHOlMVbjh3x2rVbXdbTKDTZTSHrTKqN9pPWA55bzGLG9agJzPIGDuj/M/AQ3Lnq4qrBhwIPjug4ilXh/kPnAM39V+VIRCYBzpOQhJmd8JpAiAy8CpgoNVJ2QXRd8GrHfB3d5A84AI2Ann8hDDR9Kd58YEKq25fBfjAhhpF6DBgwIOKygabtISS1a9YhcBWhO+mQwzjkmndG0Jny61DB3QYrMAIJNNj02/HGOv6Xs/SSXUZ0qO7H3VjlGs9uazyJjp28ET7zsAD51gpd+8odWDKwDCorgRUY/OIc61BWAZTUivVo2H3e0e4GK2w6Ctoki0Au4IvEs5LMM7wlE9k7MKkYjfCbKq2sdc0u50peBzwJFKHf3Rvt+MdVskxWrdYGmYGBHNTiPCHpE95Z6rEHaQSK98VE7RU1MVcTVGSuBeXHCjfxEJVWD3iJ0s7cWaW2zHMV45xufLftLwXNqEmaKT5CNxACNzBAunmVMU1p1Lsz4yZzSj7MwVXH7QrXwWLJJ+7+r1h3rn5QLwOXip96n+Ea3jyZ/5Rn11KdAfpE1VlA1vywZrHkssNTI48RhFHarOFr0cibd9p1fIbTTARvE0laJY+pmXDvKK/k2XcYb/bOkSABbEX/4UPvjPTPUbnO/rKaoWpVnOpokuahVgWwwFbyltoxYDhnhFhp2WWQTPXlky5lNoqaN3Go74qtYLEkp1Myc0x5l5jSWqqtTsAbCprkNmUP6KedRpiy2eURQNdqtVUBgRsyBx38Yk/C/q21RsVimVFpL3j2SoDKvNcyYtNZdXEs4DCbKKN2SGCk80ahHhF8Lcs5QiUsz0AumWjI3GpQuvIEgbAIqLbq3P7V2+vtSgrindUjvAiaz037Y2essihAccFJPcyio8YrX0SS31YNPtUw5UxPhGw/ZSVoxNeNFP9UAxIlWCUPUB+9Vv71Ye2pxxj5ehWGDOK+yD53ag+RifZdXHYCizLueAK14/WFR4RqGt8qUKF5acKiv5RjD0i0qwHRujCmARlJApXFQajkRDIKiVqszGrkZZu7O3K7TIcGizs+rUpaXnLHcoVVPjeYdzQ60xoQZp/XeY14EmVo+QhBWWKrkTVjjxapiSbVFZ08H0p3xqVmwNIaXmgEFSvszFLBl4hlIIPf4xI0V6QLVJoJjCco2uAWzP3WrltOW2sRulO6IVrkyc2onI/COfLjb5bldB0b6TLHMIWaHlEgY0Z5dSOzeCg1H3acTGrsNvkzhWTNSYPsMG8QMRHnqbZxXqFiMwWFP4w3ZrT0LVvUI9kkEbagiObT0n0J5c8IK6u+vL5mOMaI9IdqWlHE4DNZg69K53iet+Yco3GiPSLZZnVnIZL7S1WQc8AV5kUG+A1y/ZX4wbIfWNOGfkIal2sTFDK4ZDkVIKkcCMDAiBdVGwnmfgIIzTyHDCG6QIAQIECCnYMNAgRUKUxzL0g6LDrMRRlNlHDMAzFHgA36zjpojL666Lboptol4sJZvrvoOqy8QQKjbsxzDH6UmTZs1ZctigBvVDXaXpxRK0NQolyzngSijOMR0pk2lHIKrOAqCKUvYqSKZ1IJGQvEbIvvpjzJjFLoYKQpzcgTQ9xBShDK1TX2FpTGtTr1JqxajhrwLlyWvM6A1Rq0uC7QAYggg7CbmJ7aBmw7x7xBiYd8VWhrX00oGuNKNzGBPx74sBjEUby1bMUO8YeY+MNzLOd4b72B7nGMKJhJaAZdiM6j72I/OII7yKcRiPEQ90sNGWpNQSp4fKNTlYzeMqt0ropZ4FTiOyw2VzHEQNC2d7KjgG8HK1K7PVrSuBofIRYNIOdQTvHVPlUHvio0po92YMJrKcAAcBXYRQ0rxrG5zl9p1v01dj0zlRyODUYf160HIrFvZtK3DXogTnWWxRu5Caeccsnm1S+0xbjQNXvpeMLsms8xMDQjds/Ka494i5xvpNsdg/wDUNim9W0SyT9oAP3HAt5xEtOhdHzQTJtRlt7M0GnllGKsGs8qZ1ZgDD2WGI5Vx84uJVjkzBWTPMv7LdeWOeZSM3jY1pm3anXcRKlzF3ymz7lIMZ63avpXq3pZ2hjeHcKA+JMamZom0yxeMt6ZiZIN6XQDEkg1HKIh0hMYdpZgGdesRzB6y+EZyqrbHJZBQznYbmoV7gwN3uIiS1rAxJGG80oIZmTkY9gg/ZPzhDWaoqH7sj5w0Inabkr61eABPnlEGbrNXCXKqeOPkIlz7HLODIpO/b4j5xGmWJKdVmTLDBhjww95hpiJMt1qfNrg7l93WhVntjpgX6QZ0YVHHj4EQifZXXHBhvFSfAge4xE6zZA+FB50ENRPm2xH7RaWfsm8p5jMeJiNOs3VvVDLleHDeMxDRsp2kDzPwEI6NRtJ3VMWUIzwGPKJLW2a1L7E0yJxfDLrnHCG+mAhqZNBhhrQaD1htFnJeS7rj1ioqjHdMl9lss8Dxjp2q3pElWhllTwJU1sFYGsqYdwJxRq7D47I4YsxlNVb+PPfAa0sT2Rj2gKhW44nqke1WJYuvVDLCCIwXo312Weos8xi0xFwYnMDCpw2VFTxrQCOgkRmxdNUMCFwIinYFYKAIqDBjN6/aNmT7N9VUsjB7o9YAEEAbSKg04GkaMrB3IDheiLD0lQGo6YEUqbpBUPdzK3SUJ2UBwzFTrjKMqiOV6R2aY4XEAMeoDhni7fjGykde1r1IW1N0sqabPPGTKOqx3tdo1dlaxyLWnUrSEhi81L67ZqEup4sTiD96ka3U9ImrNuRVKO6qb1VvGlagDAniI0wmEb6bCMRjvpjvxjA2eTOlmqkjfuI4g4GJcm3shyKH+jN0d8s1Q+AhhrY3wccDBGKCy6bqetRjvX6t+9WN1u5u6LKVaw2Cmp9k9VxzVvfhGcVKJhN+ECYDht3ZHwMEWEA4Hgpr1FDiDT3w1ehLt7/jASJViRlwnBDj1ZgN0gCuDAEVzz3RWW/RYJIdMRheXHvqNnGtDFhLtRVXUEgMCD34HnhFVprSZlKAvbbs8ONNsEUts0WF7MxabmYKfODs1ony8RiBtBvf1lOHfErQ+gZ1pchJbTpmbHYoO1mY0G3EnZhFtbdR7ZLW/wBBeAFayWV2HchLeAjc5VOsTdWte5skkBitRStAa8xkw7qxa22bZ7UpmmWiuM5khgpGFamWaU7gI51NIPaxHtbRzHre/nAl2iZKIIbka5jeG3Rd/UaaZanXJ1nLxwf8w+NYJNJS2z6h3NkfxZeNOUZ36ZU1yO7/ACwg2n1zheJrRzDvwiNMtIXI1MUkmc9bqVNfVperyHyiwlaLtEzKTMB3XSa8hn5Rnq1oplvYRHmW0xLmat2ytDJcHKhBB2YUOO2FHU+3gV+jTabTdbDnQRetTUewW2RQidLZiTgwOAFMiARtrjx4QWkLLJul5M4ED1GwbPZWhPIjZnES2WCZK/eqUyxYEDHmIgu6je3LD34+UN8ZiFX4WqkitMN5wHiYet2i7TJW+8hkU7aBqfeoTd76RWOxOZJ5xFTDMUbbx3DLxPwgTC1ASpVTW7gQrUzoT2iKivOIYEbOzax2aZZBZJ0gIB1g8sFQJl6gYoCSwCnFq1alKbYsKY1Qe+4lKbk69fs77ptKXCPWVgKU24jbHT9T9f8A6RbGsc1LhKKZdcCsxJY6aQ2+jB6H7J4RxWwq15StQwIII2EcRG51FlvO0qLS5vNWtTtJwLGm01PnvicvRHboKF0gow0crBQdIEUFBkwkkwKRAKwoGCgqQGf0xqXY59SZfRufWl9XHivZPhXjGG056NJyVMqk5eAuuPwnPuNeEdag4sthjzTbdCFSQQVYYEEEEcCDlEJpcxMM1GQOIHLavdSPSulNESLQKTpStuOTDk4xEYXT3o5ehNne+v8ANvQMPut2T30jXaJjlcjSpGDHDc9WHc46y94bnFhLtwpUm6Nl43kPKYPj4Qek9CMjFJiMjDYwIPOh2cYqHsjoaoSOW3mNsMNX5m78OOY8fnCGmRRSLYUzBXimXfLOHhSJ8qeGFdntS8vxSzivgecTFWqRndIoXtRUCt0AAcTSg8WjQSFBoynlTFT3fKkQdEy66TS9tmyOXbWIOgzBL0fZsSwSSy9J0d2s+eUvOWDA3kRStBjS6T6sZq26126pqku/cDBFUm8y2xZSXS1SbykY7ag0phFlrraAOgaZLd5YnWp5vRst5V6XoySjYMlx2UnCl4dYVFXLJZ5agr0rmbKssyVItLrcR1tDXpWY6zywVxqNuBpD1Nq5bcih1gly7Wjz5YUT0LCaE7E7owDMK75ijrVHbXHMUjHyXukq1SuJAFM8zSoMaW3S5NhtEiQs9mmSVCFJcqqdM7X2LOzC91iooqsSssDA1EU2sdj6Ge6oKLUPLG5XAdV43Q108VMWVlBMpGyYA7jhXlXPxENzEZd/fX35eca/VDT0uzGZ0lnWdJnKl9SFJW7eIZQwIJ6xBGGzEUhOtLWCZKltYpbypwc9ICAqMhU0IVWKAhqZUwJjWoHozKmbOqBeuIVyOAmC/wD9sdCWt+lCRmzUpX7KgDAVHnHFRMmy2vCoYespoRyYYxaSddLcmC2l/wASy5nnMUmOnHnjN4u+WbR/SSwXY1FboBFRWlBeIO6KksqK1+aVXbnXBqGt3IUjlEv0kW8ZPLPEylr/AFaQX+kW2Y3ks7E1qWlvXHgJgAizniXi6PYklvLNDVWLEK4VgFLEhSpx40Nc4zun/Rss1WezDopwFblaS3FK1UHFTwjLp6QbYooiWdNuEquO/rMYi2vXfSMyoNoug7Elyk8wlfOJeUs9Eln232jtYVtIWXNlhJydWdKoMHAIJA9lga4YYjvxPpE1cFknpdW4s5OkCeziQabgc6c4zY6UvfvtfrW9U3q772cS2sc6abzvMmNvZmY/mNYnLlbPKzjJUBZcTLLZqxcaM1ddsxdHH5RN0dYGcsssEXXmS602oBQlqggGvq0OGeMc9jWIMixUwOGFbo7ZGdaHBBhm1Bzjq/o70WiqrqKVBOOZINDjtxjD6Qm2aTKIYi+pwVQVa92ZjDbW6WF44VNKk1jZ+h/pZsibapmCu3RyF9VJaEliu+rsQTt6MbhGbWo30CBWBGVO0gUgCDrGkJpBiDMJYgZxAcFDbzt0CkAuBWCAgQBwRaBBVgqPb7BKnrcnS1ddzDLiDmDxEYjTfo5Bq1men9HM9yv8x3xvzAAhuI8/aX0E8prs6WyNsqMDxUjBhyikm6PZTVSQeGcemLTZkmKUmKrqc1YAjwMY3TXo6lvVrM3Rn2Hqydzdpe+sanL9THGpFuZD1qqdrAYH7ybeYoYW9sItEueAMLuKmoLI14U2jLIxd6X0M0pzLmAXhuZWHipMZ61aOINVi0bbWG2OCJ0lUM2TNaZLZ3CoiWlQxmG8yqesLvWNOtkYl3rTMm0ebLcCUkx2lDpOintKF1bgoACCxGw1wypGb0bM6eTcYEtLUy5ibXkNtH2kOI/jD1qtM6ypOdMWmTFtazFqARJmoZcm9wlmcxG4DcYnKa1xvWyxO1ztRlj9w0iW6Sx9NkhGmOwRUeVPZdocFSFdT1fWyil1zkU+jMc2kAGlcaTppvC8AQCGGBFRE+wh5ltmJZi1zp5rXVJHQsS3SS2/opqC8uwMi17LEx/SLOX6SspThKlS1bg7lpzDwmqKDKlNkSJbrNWOZ1abj78fnD9+IEtqMeP6+cPGZBEi9CWUHYPCGL8SbAgdwrEgHdnlgMd8FMtZlOynKHFsqxrpmp6ByonngSooeOBhS6lMQSLSmG9D/wCUXyjLLY03RJk2FN0VU/SLI7JcrdYiuIrQ0BpTbnCv21N9WWBzDH4iHk8NHZrIuwCLCVIAxJAAzJoB4mMtYdMTCwvuFXDAFR7jWK7TFpDzmoxYV6uPADDNse6IrdT9ZrNJGDdI2wIKj85op7iTGVOn3UkoSmGdesCURCxOFK3K7O+KuRZXY0AoTzveAq/iQI0+gdWUIE2awCA4AUvGm0eqg4i8eIioiauaDe2TVExissVZyT13FanPfXPDPAYxvZmt/wCz7WJafWWVlSW0mtPo7oiAGWdgK0JGRNdsZbSmssuQDLsygHa2fntxJ4eMZZpjOQDUsTU13nf+tsJB6Hk662MgEuyk7CjEjhVQR4GBHKJZwECOn8oz3d8pBGFQVI4tkmsIEmHqQUAgLSDg6wVIAoEHSCJgCgoVBQUBArAhCgnMUx37N8QLvCKLWPV36XT6+ZLoKFRVkPG5UCvGLy5BiKMZI9HEkdudMP3Qq++9CdL+jeQ6/UOyOB65vK3Pap4jwjbVgVhtTHn7Tug7XYJqzCpUqeq64o3ANkeRx4Rc6L1us0xaTPqGODqVLSXrmRdxWu0HDHbnHZnAYFWAIOYIqDzBwjEayejGyWirya2eZ9jsE8U2d3hF7GKG3a52SQh6G5OmnEBUKyla7dvu1ACKeqta8Kkxy622pndndizMxZmObMxqT4mLvWPUi2WSpmLel/zi4p3n1e+kZhpffyi4mgpqwEOtJOw+PzEMBSMREuXah6wpx2QoYKONleRhPTsMaEeMWCspyIhQWIqbYdcGUAOoY0ArW6SBxAMTF13pkh/NX3iKVpddkJEoeyPARdRWvNJN5prFtpNST4mHpAveoX5LQ+OI8otrKVWt6g3VA3fOsSTpaWu2vIQzWpyvH0hyNDzHGCEHe9wADkoqT3CLayavKB9ZNLcF6o5EjEiK+ZrCckTx+QiutekJz9pro3dnyzMJDlyvK7V9Nm2aQKEhz7C0Cd6jP8RMV1r1lebUXKjYoJA/FTEgbgRFIADvY8MB4mH5VmZsMhuHxi4ybQY728h8/dF3oixY3jnB2HRgGYi4kygMo6ceP6xeWpKjCBBgQI3rLvEAGFUgUjyuwCDhJgoBRgUghAJgEmCMKgUgEUgwsKIgqwApBwUCChBQowUARgoOCgBAECkCIG7TZkmLddQynYffGD1j9GUqaCZBCNuAA7sOqfBecb8NAi6POGl9TbVJYr0TNSp6oN6gza7tHEVHGKF7Iw+W3wj1VPlK4usoYbiPduMZzTGpVnnAm4hJzvVByphMXHD7V4ReyY84sh3eXygKxG0jvwjp+lPRxMU9TEV6qTKY8BMTA99OW+ht+qs+TUPZ2OOa9fACvaSo/WUa8J5ZO+/teQMGJj8PCLb9ng5KVO6tPLIxIk2BcmHIjA94y8Is4pqh6Vvs+EJ63D8ojUpo2UcBnu2+EOfstBsjXVOzKdEx2n4eEPSdHE+rGpWwqNghYlResO1UkjRJ2xYybIq7ImBIk2PR8yaaS5bOfsgmnOmXfF8RnLUFViVIlkkBQSTgABUk7gBGt0VqBOahnsJS+yKM/l1R4nlG20RoKRZh9UgB2ucXP4tnIUEYvyNziw9m1GtTKGPRqTjdZjeHOgIr3wI6VAjHetdYkQRMCBGQUIrAgQBhYMCBAgDgiYOBAIMCkCBBRQcCBAF+tsAwIEALsCkCBAJJghxgQIBUFAgQBgQYECBAHEP9moGvJ1d4zU/h9U8RSCgRAzbbFJYATpSNXAVUMCdwriIp7RqdYn/kiuzqswBPI1A27NkCBF0Vdo9HlnJ6syYM87jDf7IMR/8A0CVytJpudAeQqGr5bYECL2pkPS9T5IYJMnurnAAIKHkQT5gRaydQbKO001uF5QPJa+cCBC8qmRZ2bVmxy+zIQ8Xq/wDerFqigCgAA3AUHgIECJqjJgoECIoVgoECA//Z', 120000),
(40, 0, '2024-06-28 21:58:19', 10, 0, 0, 0, 0, 0, 0, 0, 0, 1, 30, '', 0);
INSERT INTO `ogloszenia` (`id`, `id_uzytkownicy`, `data`, `id_marki`, `id_modele`, `przebieg`, `rocznik`, `pojemnosc_silnika`, `moc`, `id_rodzaje_skrzyni_biegow`, `id_rodzaje_paliwa`, `id_kolory`, `id_status_ogloszenia`, `waznosc`, `zdjecie`, `cena`) VALUES
(41, 0, '2024-06-28 21:59:14', 10, 20, 80000, 1999, 3000, 530, 1, 1, 10, 1, 30, 'data:image/jpeg;base64,/9j/4AAQSkZJRgABAQAAAQABAAD/2wCEAAkGBxISEBUQEhEVFRUWFRcVFRUXFxUXFRcWFRUWFhUXFhcYHSggGBolHRUVITEiJSkrLi4uFx8zODMtNygtLisBCgoKDg0OGhAQGisfICUtLS01LSstLS0tLS0tKy0tKy0tLS0tLy0tLS0tLS0tLS0tLS0tLS0tLS0tLS0tLS0tLf/AABEIAMIBAwMBIgACEQEDEQH/xAAcAAABBQEBAQAAAAAAAAAAAAAAAQIEBQYDBwj/xABHEAACAQIDBAgCCAEJCAMBAAABAgADEQQSIQUxQVEGEyJhcYGRoTKxBxRCUnKSwdFiFSMzgqKy0vDxFkRTY3OD4eJDk8IX/8QAGQEBAQEBAQEAAAAAAAAAAAAAAAECAwQF/8QAKhEBAAICAQQCAAYCAwAAAAAAAAECAxESBCExQRNRImFxseHxgpEUQoH/2gAMAwEAAhEDEQA/APbYsDEgLEhFgJFhCAkIQgEIQgEDCEBIkdEgOBi3jLwvAdCNvFvAWEIQCES0aYD4RojoCQixIBGmOMaYCQtCLCGxYkIDssI28IHSEWEKSEIQFgYQgJCEIBCEIBeJFhAIQhAIkWEBICEIC3ixIQFiGELQARYloQFhGxYBC0IsBuWIVj4kBhESdLRLQGQi2iwHCLEgICxIsSAsIQgJCLCAkIQgEIQgEIs44jE06YvUdUHNmCj3gdYSqq9JcGuW+Jpdo2WzA3PlJtTH0lfI1VFbflLAG1r7j3AwJMI2lUVlDKQwIuCDcEcwRvjoCWhFhASLCEAhCEAhEJiXgOhEmI2x9ICq5p0KJq6smfMAM+4WA1Iv5yTOhtGrqGyZhmP2bi/p5iPE8Iwu3cQa9dy9QViQua7CnTubEtocgAFhe3znrqdIMPTQddiKSuKaMwzg/FusRvvESm11eAkLD7VoVAClemwIuLOp0te+/lH4bG06gJp1EcDQlGVgPG0ptKiTiasI0bdKFYOodTcEXHnHkzw7o59I70HLVizLawVbBdP4f2lf0y6c1MeUyqaSoSVAY3N9xPC4F/UybTk03SHp5iKOOqdXVUoDlCaMthxvzmw2N05w1ZFzuEY3uDuFhefP1OuA4uLnl+847Q2o4fLYADeBxme+zb3Q/SXQBqXViF+GwGoBtfUyXsr6ScHWqilZ6eY2Vmtl8zfSfP38rvawPC3PSGGxtu7/ADzmk3L6jqbaorWFFnAJXMDcWIPfOW1OkNChkz1F7e7UbufhPnlcaFAszZrbwbDwjKu0nYjMS1hYXJIA5DumYsvJ77R6WUnxIooysp0zKQSG7xwHfNEDPm09ImCp1a9W6izOp+IcAZotj/SPVw2H6oIC3BmJOvOxmtkWewbR25hqAY1ayKVtdcwza7uzv1tMljvpRwy1AlNWZSLl7Wytyym1/G/GeL7Z2s+IrvXe2Zzc20F+4cJGGIOvCE5Pbv8A+p4fq2Y0WBFwoDA3NtDwsPWeS7V6QV6zfzlRiCxcAkkBm3lRuHlKmtW5Gci+ojSb2npjTxva+nK/OdsRjSzXYlmP2mYk6Cw1Mr6a6Xl1s3ozisQA1OkSDxNgPEDefISaHTAdJcZh6bUadWoqNY2BOhvfs2+HyteWmw+n2MpVc71mqC92puSQ3DQfZ8otD6O8Sd9QL+FKrH+2qD3k6n9Gr/besxPFaVFR6tXMuju9P6J9K6eOQkIabDUqSDccwfGaANfdrPGh0Tp0DqMTfmKmGU/3jO64pKd1UY0C4NlrYcC4FgfHvju1t69mheeM/wAp4cGzjGrcjU1aJF+HwjSGF6U0sNVz0GxLG3aFSpTKMAdbjq93fpOtcV7eISbxHl7PKHG9KKSC44VCjXsLFTbde+vCYxvpYuCDhl1Frir/AOszOM2zQr1BU66oj3B1yOCQLAntLr5ROK0f3B8kPccNVDqHU3DC4I1nSeZbH6XYpDTpoKFakrEOtO61rHkj5QWHJb3kbpP9JFWniq1CipK5RTVrWZKm9msfi32tpumJiY8rybjpX0gODVH6rrEuTVAIzLT3FgOOpE8q6Qbdw2JrFsLhjrTIqA/ET8XWKAbdnW99+/SaPZOF+u0Calem5uU6xswrqAR1lN7EWW/A6eN55pt2ulLFVEw1ZmpgMge5GZOQI1y8P/BmZJl1rbaq9Qaee96vWM2vWMwUCxa+o42PGVr4xqjlnNzvJJN/OV1avewAiKAouSbnnuHpMzDKwOMy3CkrcWNid3Lwln0W6U1sDV6ylky/aUjR15Hl4j3mX6y25gYxnud+n+dIiND6CwH0qYF6atUzU3I7SWLAG9tG4iE+fzW8fS/vCa7qlkEatbWJ13L5S9fo/WOhUTn/ALO1huGs5/LVeEqWpWPDfK+re5uZpG6M1SbldfGcK3RetwT3iMtV4yoUM6BuUtj0Yrj7Efhth1Fa5pv6TXyV+04yjIHy3I0idYectcTsyqw0VreE4JsmoN6n0mOcJNUVTfeYPSLWCtryMt8Hs4nRlby0kxNkJxDeo/aOZpnVwpB7Q9Zzek1+6a6psdW4t7Trh9lILBmCqSAWa2VQTa57hEZDTHNRsN95YdH9gV8XUyUaZIHxNuVRzLbhx9NJ6Rs7oFTds9UstEbsyinUqcjlJPVIf4u0eQ3za4CphKSClRejZdMiMhAPfYklu86851jfs0znRvoBh8OBUrAVqg+9/RKe5Tq/ifSbA7u4eQA7hwnE1PtEX5DhKvbe1xTTtDwG+/kOEujau230kCHJTvroX58Oz3d8rNl4uvUJYZgpPaY72twB4zM4vHVK1bMVDkblJAUAeY013d87bW23i2ApqAmg/oxwIvbNut4aTrMajTnE7lpdo4i3xEDkDoT+p95h+kvSIU7qpGbkOHeTwlHtJsShZyz66Fwdbcr7wJQUaLVagTUknWSK92trzZztUvXqE2G6/vYf595PrAr2ftHV+48E8F3eObunfB4azJTX7NvN79n0Pa8l4GSKOz7gMxtfUCxJte1zy1vPfOKYiKR/7+v8PPN4n8Uq1UnUUtLS6obKBI1t4j9Igo23N7ATnas1nUkW33Uagg3uQy21GhK7gb8xuP8ArNEldcZTCYoAspCriFsKq3+HODoyX0sdORUkSux2GIXrBqU17sp+IHut8o3qwN2oI48iNx+R85jjE9pbi3tDxWxMbgqhyF7N8FWgGKsPxDVDb7J9xrK1sHVH+71Tff2HP6TabL2m1M9S5LI4IAJOo4qSDcEbw2/zF5V7V2JiEqdZSxVY4c3JvVqdZT0NlbXtLe1mHPUC1zynpvzb+RmU2dWGow9TX+BtPDScq2ycSAW6moFGpYow3cr7z3TQ9McLVw+IVaNXE9U1JHVmq1e0xvmIJPh698r8L0lxVNGpmmlUlSqu+Y1FvxuD2vOc4rSJ7zP+v5a7+mbAHC5iM+u4xy4WoPsHdyjfq731BmGtGmkTqBCTEwdS2i+0JORptBtudV2xMstXujxX7p4OLrzatdqjnO6bSHOZBa8uNi7JxWJP8zSLLxc9mmLb7udL9w1likz4Xmvkxy853XGLzllsr6N6hsa9cD+GkCf7b/4TNRgOi+CoEdhGbnVYOfyt2fadq9PeU+RjsKWqG1NHc/wqW+UtaHR3Ev8A/HlHN2C+17+02dTEZFsCqjhqAPIaSDUx3/NTXdqD+s716X7lmcqow3RKp9qqg/CGb52lhS6LUV/pKjt4ZVH6/OJX2lYXNZQPb3ErDt9SbUy9YjhTQsPMnQes706SPUOU5V/S2Ngh9gH8TN/itJK4TBobrTp3/CD+8zX17Et9laQ5uwY/lQf/AKnPLUb4q7nuUBB+p950jp4hPkaes+Hsf5qmQd/YWx8dJU1KmC1AoUCTvC00J8wtzKerXoU/jKEj716jf2ryJiuliLogY+QUek616aZ8RMsTliPK9qtSYg/VQ1hYZkAFvB7f5vIlbA0WvfCYcc7ql/ZTMriek1Zt1hKyvtKs3xVG8tJ6K9FPvTlOeGqr7DwQ1bD4YeCD9CPlKfE7M2WpuEUH/ls49laULPc6knxj0UTrHR0jyxOefSbjvqzKUU1SCLbyR/b1EpMBs1aTFluSeLa29AJailfhJVLANxFvHSbjFip3iGedrM3i61WkmdAC5bNmPhoAvC2mt4tDEYxwGFYC4G5F5eE0g2SrKMxG4bgbyTT2Yo3A+gH7zFuP3LW5+maw9PFZ1dqztY3tawNudjulp9Yrngo8j+8uqWAPASXS2Ox4epA+ZnK3x+/3ajlPhmWFZhbNv0Iyj9ROdHAMBbPe3tx/UzY1ejwZSrVFXwsfnv8ACM2VsoU1K1aqtyyIqqNNfsg8O+Y+TFHiGuF2cpYJt+/vIv8AOWNN6+Up1hynQrZbEciLayyqV8h7CZu/KB7kSNjMdi6oy3VV5AfPnNxO/UM617k7D4isLDrDpoN48BYECWFJDX/m6zKynfmVL+ROoPvKEUUVgK2MpoxIshZVPnmImvo4CkliVUkC+YhcoHPkfGcss0j+nSkWebbVwi0qr0rfAxF+Y4HzFj5yreoF+yJZ9JsQhxdZlYMCwIYG4PZF7HxuPKUdU34T4do/FMPZEpH1/uEJAyHkYSag2jBYonIKY8If82/eNMpFAKWUNfKSL5bZrX1y3Nr+M9Fw/wBKeBREpL9bo9WoRVanRYAKAo3Xtu5TN9EujAxdN3Wuoqo2lE2zHQFWvcaXJ5/DulNtH6P9oUmJNDOP4GU+x19p7unxarv2xNu+m5rfSNSq6fX7dzIUHnZB85D/ANo1fdisO39cA+7TBPhsRRoVqJw9Zc9vsNlFrXv5X1lD1VtCLT1VyWr/ANWJpFvb2JdqWFytNhz6y/yt85yw23RUfq0AQgXJCXI5dq7DW08/2Bg16mpUyBiWCLcXIKi7EfnX0l9sB0o2NQ5SWJbW1rEqPKwB8zO1s0xTlpyjHE21tsaGEZyCU61idDUdct+QGf5zkNs1us6lFphrkZRfQi99Mp3WPpLNOl2z1opeuc4Fiiuq63O9jw46SiwXSelVxZd8QlNSztd2XJuNtRrvtPNbqsk+XWMNYWOMGNKO/WL2FL2UNqqgFsrBQDYMDoZXYf6zVpPWRs6qL1FDMrhfvZWFnG/c19Jbba6Y4SmjmnXpu2Qjsmn/ADhPa1UHdfS514d0qx0qpJgylOohqNTykLUQgAqBYDeNbnzkr1OSJ7ftCzhpMG0Nns9jmABFwddx3cJ2/ktBvcnwsP3nDD4kBQucmwA7JvuFtwnVKnaDWY+KMP0n1ucz7eDUR6JjNmZSMlzcbtLgyPX2aUF3ZV0vYnX9pamrr8DFrX4D5mec9Jtp1K1ZqQbsKdSpBue8jT9pi/UTjruWq4uU9k7Gbcw1M2zliPui86bP6RYVmylmXvI0mcp4VANRfxtb1Ok519nI47HZbh9093KeOeuyTPp6Y6eunr2zcESoZWBDC6spBB8CN3/iR8bjadCsM1QMANUAJbN4+m+YToN0pq4R+pe7ITqh4HcSvI/OdsbWz1GqHQMxYDjqSbTdbTk7z4SaxTs1qdKcPlBKG9tdP/aMPTKmvw0b/it/5mMRGI0pnxsbR3VtxKL4svyveb+OGdtRX6cVT8KIPIn5WkKr0sxLbmt4KP1vKSw41l/qqx/QCJnp8XqHwVR82PyjhWPS7lY1ts4ht9V/I2+UhtUZj2mvc63Nz7zia1IfYY+Lj5BR84gxS30poO/tk+7QNDgel9VdGAYflPtofSSMV08IpkJQUORZGJBsx3G1tbb7TJVMWDpZfJVHuBf3kSpiO1fTsqWt38PlOWXjFZlum5kYvCUqhY1ajmsxu1Qm/aOvalhsXaNZ6Iw1R3YU2KBCxK93Z3HjvvKrD4ayFibsdSOIJ1F5K2bmDVMpIzBb+Fra91p5MdvxOto7L5a6AdrKTD66nADyEtcHiBTpqoo0bgC7NTV2J5nPce07HbFYaLUyf9NUp/3AJ5b4otaZ21HhUB6h1FJyO5D+0JYnalb/AI9X/wCx/wB4TP8Ax6qoF2Z/m06Ls6L9b7404zvnm3YRcZS6mrSewYMbWIVgeHHd475t8OwC3FSolrXyVWYC5UXVal14nQDhPP8AbCmoC6tqovbmVIII7xr5CRcN0txC2DLSe266BTYX408v3jqec+jjtPx11LGo3O3qBx1UafWTpcHrKIc6MVt/NWGpX5Sr2ztXqWVa1OlUDAm6i3wkA6MDzHGZil00ps2arQdWO9kcPy0yMBy58TI3THb9HEUqHUu+emCrAqyGxVe8jeu4EztTPaJ7pbHEtV/KuFZQFXJbd2VFr6mwFx7RlLbdKlYnEORuykLbw1E8/wAPiWKg3N5Ko1VJtUawtppfXlPbXJuOzhOPT0Buk2HI/pE15rSPrOH8sUGNg9I/9ul87zz5cGpqMRUQLY2vmvu03LOipYEFQb7iHQexMxOa9fFdr8VZ9vQKLo7EdgW5U0UyWldBoKth3Mo+U89w+LI0v3b5KGJnpjJuHCcepbd8ZSXfUJ/rn9JJp1wFzsAg5sdbd990xuyTmqA8F7R5abve0zu2No1MXXsWJXNlprwAvYG3M85zy5OMfbVMe5brpFt9UwrmkwY1OwGANu8htx5aTF4Gjp7nvMkdJaoDUaK/DTT3P+vtOFQgUF5sxN+Nhpbwni6m/wCLT04aaqh1y+cgn0Glu4TvS015bxzHPuIkqjhyoBNMubXOvwrw8Tx9I7EUwHUDcdPzafrPM7K/G6VEqcb2PlqD5g+0uWxNgTmYHLpbibjQnl+0qMchyJ4D2LLeTqeHaoQigsd1gNfLifSevp57TDlkjujviuZv4xjYsS7TofVuMykX1IJUEX4W3+tpN/2WoprUdEH8b3/aejVpc91hkzi4q1XO5T6Gaq2zqe+sGPKmub3AadqW1KB0o4OtVtzuF+f6Rx+5OX5MqcLXtcoQOZ0HvJp2HiQit1TtnGa6qzC3AXA3y+O2sQnwUMLhyeLupb2sbyPito4pu1Ux2Uf8ulYfnqZf70nE5KHEbNr0xmek6jmysB6mVa1bs3p6WlttGvQI7WKrO3AvUzgHnlUOPLMJnaNQBt9xfwuP0nmzT6daNricOoC9oEHtgAWIUJcqeZuD6yfs+nTpVHIXMwbKc1sq5QFso+0bg6nQcATrKXDVVTLVaorgDsqGGZiDdVKg5l1te4FgCOM70Mcbam54nmTqT5m841tx7tTG1y9S5vYD5eUYXkFcVOorCYVIzQnHrRCBW4fZGJqfBTdvwo7fIS1w/QfHv/u9QfiAT++RLCv0rxz78VUH4bJ/dAlbiMdVf46tRvxOzfMzHCqpFbodXoDPUKA2ay9YpJOU2ByXygmwuTxmWxOAoVDmDGmx8Ct/AkFfAZppcDtVaSMjC6trpvDc+8aD0mPrCupJstRL711sOR4jznoxWrWNMWiZkypsZx8LI/dmyt+V7E+kh18HUT46bDxBkuntRdxDL7iTcLjE+y9vBivsLTtFMdvDMzaFPQ3cd8nU6lYLcVKirzNRlX3OssKmH6whgWLDdlIOu/dbWFfHYhezV6o20HW06Vx7CdIx8YYm+5Uo2pW/4l/EIfmIfynV5of+3T/wzvV2uCSGoYc67whHoVac6mMpbjh1B7mcfvOP6XdP8UzC41bAlEv+ESwTH8sv5VH6Skw2FaoC9NQFBtYtu42uRrvkj6m43lR5n9J6aXtpxtWu1rjNqMuHqdo3aygX013nl/pKXYVO9TOdyC/mdBOvVncSrDkQxHjunXD1ChurBfwogktE2vFp9LHasxCJtSpevf8AhHznWpUuKY4Ae+YyBi6l6pN79+7hLLZ1QlDlGYr2rDflPG3Gx3/iE8WWd3mfzd6do00abPLFaq1LIaYV0tyFj4XtK9rNiB91AXY8lQFj8gPOQxtJiLC9zuA1/wBZa7LwgVXasbKLNXP3KYOZaI51HIGnKc2kDaOFY1KNFRdhSQsB95gzm/kwllsxMVhwzK1OjmFi75cwH8ObX0EztXbdT6y+IAGZiT+HkBbkLDyiYvbdeobjLT/6Ysx8WN2953xXrXe2LxM+Ggqh21qYqu/4AUT8zFRID1MIhuQhPN6hqH0pj9ZQtSdzdiWPMkk+86JgDOk9T9R/tiMX3K3bpDTXSmnhlpon9p8zSJiOkFV9Mtx/Gzv7XC+05ps+SEwYHCc5z5J96/RqMdYQTja50Dle5AE/uATmMIzG5uTzOp9ZcphxynVaM5zaZ8y12jwphs2++OXZI5mXYox4pTKq3DYELuv5yalKSAkUCQMVJ0AhaKFgLeEXJCAF4xmixCIVFxCEiUuJwzg3F/ETR2jWp3k2Mm9R+Pa/EAfc6zmWXjTHkSPneamrgVO8SHV2ODul2KvZ+MSnfsb+J1t4WItJ38tA/aYeL1PlqJyqbHbhIz7OcfZli0x4lJiEttpK28g+Ko399Iw4qmfsIf6tP9CJBbCNyjDhzymudvs4wtqe1CBlUIByC2HjvhVx4O9h5W/xSpGHPKPGGPKa+a+tbZ4V+k44xPvex/aJUxtO3xNfuA/USOuDPKdUwB5SfLf7XjCvrPdiRe3fv9pIwWMam4dDZhqD87g6EHiJOXZgnVNlLymNtJidIUIu1NgTv6uoFB8ypcfmMjYvaFSuBTChKSm6ot7XO9mJ1Zu8ztSwCjcokhcPG0VaYGSKeEA4SwXDzoKEghJQ7p1FGTBRjhSgRFozoKUkinFywOApxck75ZKwWzatX+jps3eB2fNjoPWBX5IuWazCdDn31XC/wr2j67h7yXVwGFw3xZQf4jmfyXh5CNqx1LBu2oU258PWdGwDCXOM20u6mnm37D95UV8Qz/Eb924ekCOUtC0daLlhDITpaECKI60ZeAhTyYl4WigQGxLToFi5YHLLDq52yxbQI/Ud0Q4UchJVotoEP6mvIRRhV5SZlhlgRBhhyijDiS8sXJAiijHClJOWFoHAUo4U51heEMFOLljrTphsM9RslNGdvuqCx9BA5WhNZszoBiqljUy0V/iOZ/yr+pE1WzeguEpauGrMPvmy/kXS3jeTavMMHgqlVstKmzniFBNvG27zml2f0ErtrWdaQ5Dtv7HKPUzYY/pFg8MuQOum6nRANu7s2VfMiZTaXTmq9xRRaY+8e2/v2R6GBd0OjODw653Aa296xGX0Nl9pD2j0tw6DLSBqEaC3ZQeZHyExOLxdSq2ao7OebEm3hyHhOEaNrfH9JMRV0DdWvJND5tv95TE8YpiSoSJaOtCAkBEigQEhFhAhiOAgBCFOAixAYohCiKIRRABHWgIogFooEIt4BaLaJeF4U6EbALw48oCkxJodldDcZXsRS6tfvVewPy/EfSa/Zn0d0Esa9Rqp+6vYT27R9RJs08ypUWYhVUsTuABJPgBNNsvoHi6tiyiivOoe15INfW09Pw2FoYZDkSnRQb20Uf1mO/zModq9PMLSuKZNZv4dE83P6AyGnPZn0fYWnY1Was3I9hPyqb+pl3XxeFwaWJpUF4KAAT4Iou3pPONqdOMXVuFYUV5U/i83OvpaZqo5YliSSd5JuT4k740PQtq/SGguuHpFj9+povko1PmRMftTpBicRpUqtl+4vZT8o3+d5WQl0CJCJKgiGBMS0BYtokIATG2jrRt4AYQtEMBwA5mEbCBGiRYQpRHCEIDhFEIQhwiwhCiEISAimJCA9J659HeDpjCCqKaB72z5Rn/Na8IQNO0QQhI08W6UYqo+KqB3ZgrEKGYkL4A7pUCEJWSwhCUJCEIQhiQhASPhCA0x0IQGtHKNIQgMMaYQgLCEIH//2Q==', 1000000),
(42, 0, '2024-06-28 22:00:39', 2, 0, 0, 0, 0, 0, 0, 0, 0, 1, 30, '', 0),
(43, 0, '2024-06-28 22:01:15', 2, 3, 45000, 2018, 4500, 380, 2, 3, 9, 1, 30, 'data:image/jpeg;base64,/9j/4AAQSkZJRgABAQAAAQABAAD/2wCEAAkGBxITEhUTExMVFhUXGRgaGBgYFx8XGhodGB0aFxcYHRgdHSggGh0lHRoaIjEhJSkrLi4uGh8zODMtNygtLisBCgoKDg0OGhAQFy0dFx0rLSstKystLS0tLSstLS0tLS0tLS0tLS0tLS0rLSstNy0tLS03LSsuLS0tLTcwLysrLv/AABEIAJ4BPgMBIgACEQEDEQH/xAAbAAACAwEBAQAAAAAAAAAAAAADBAIFBgEAB//EAEUQAAECAwUEBwQHCAEEAwEAAAECEQADIQQSMUFRBWFxgQYikaGxwfATMkLRFCNSYnKC4RUWM0NTkrLxwoOi0uIkc5Nj/8QAGAEBAQEBAQAAAAAAAAAAAAAAAAECAwT/xAAhEQEBAQACAwACAwEAAAAAAAAAARECEiExUQMTQmFxQf/aAAwDAQACEQMRAD8A08n+X+Jf/KJST/D/ABL/AOUQk/B+Jf8Ayj0s+5xV5x0Zdln3Pz+JiKV0R+BQ8I8n4eC/GFFzSEg/cPkIBsq6p/8ArESWvrK4y4C7IL/00x0rckjNae6nlAGQrrD8avA/KIFXV/6avGBy19b85/x+ZjildUf/AFmAaWan8SIg/hM8Y8s1P4k+UDenKZ4wBXrzlwMmh/Cv/KOk15o8IGTQ/hV/lAGUqv5j/jEUHD8nnHFGvNX+MQSrD8nhASBw/L/lHH9fmiAOH5fGOP6/NATJ9fmjj+vzGIXvX5o5e9fmMBNBw5ecUHTGY0gcR4iLpJw5ecUHTE/UgesoX0MjZbQkzE44+UR+kApoDHrJLSFggHPPcYWlmg0eOXjwp222tIWoMXvKqIOqd1eSf8RFRPm/WrBDi8vccTFxS7Qaf4iLiUvOtBEtJAGDtzMV69rrS3VD6OaRYqAuJfTzMVcyT1hq5ryiZNbluPDa8z7PrjhHFbWnkZbmTDBUpIdJrwB8YHMtK11UzlI+FIoCdAKvE8fDb9NbKmTVlV8kMMqQnaps1I/iKc0FeHZFhscNe4DzzgFuSRUUZQw3V8hXdE8a1/EjKmTTjMV2vDEizzpirstTnPrNnqaQAnEkl4jZiLxo2EbY03P2RPQnr3gS+L1bTKBWawvUrx3H5w4U/V8UmBKomlcPCL5wetWyQLgE1BvFixYhgS5egFIJNsKGa8eTf6gE1VU8fIwVUx4eSgIsssqIN67TPjSkMK2ZZwHC7x06w72iCT1jXTueJpVnWJ5C8mQijh9HO9gIvNnS2lJugAOfVTFQigzz8Xi62ePqg2p8TGPyem+Ht9Gkn3OK/OIo+Afj7coSk7Zs/UeakNedwU48RHUW+SbjTZeeCxQ5Zx21yHSzJZ0lld+6Fp0skAU/hE8SwHy7BB0qcIcjAkEecAORwuocjjj2UPKAPOn9RShkhPnHp0wJNT8Se4RWmSpKVISQQSPeyA6wwxDN2wwJLrKcQFJvKJ1yA9c4KbsdSFEM6lHtB8MIleBHCWe8xETGoKm8r/Z0iCSyfyV3xUNrPWP4h4QN6cpnjHiesfxDwiKsPyr8YAhNeafCBvTkfGJPX8w8IG9OR8YAijXmf8Yik4fl8I4o+J8IiD5eEB0HDl4xwn1+aIj/AMfGIzZgSLxIAFSSWArmYok/rnEb3l4mKa09JJSSyEzJp/8A5pfN82pvwgsvaUxVfYLH4lBO+CLVCvLzjP8AS4EywOEWcu1n4glP/UEIbYlJnJAE2WltVDyMS+hj7OnrBvveBgMgU5jji/lGil7FlgubTLGO/EEa748jo/IDf/MRj9j/ANoxlXYyloT9av8AErxMXTU5D/ERZ/u1Zyp/pksuTijUv9qDWvZUhCHNqlmlBdJJyYAGGUqibqp4eZhGeGUljSuMarZ+xvaIB3YksOwEHvMNS9hSx/NkjmT4qheNWWMbapRCQxvPgznthb6P1iHIDaK1LCgjbzNhfZnSjuvAeJhadsC1AdVKFDdXzjPXlP8AjW8fqk2XJupUXx4jB9YFbJKlBgHrD8+zz0A30NyI78MYS+mzMMPytGLLutzMwsnZ8z7J7uYxj0vZUwH3aVzEMfTZn2+bcI99MX9sxdqZD82U8u57Gt1gbwxZnoH384UGzJmie39ICufMdryx8j+ke9ov7Si+UNp1g6tkzCQeqG/1EhstbYphQzDg6n4x0BQb3u3sht+mT4aTslTklYGGX6wX9lH7Y7ByhJMo6HtjiEFhQ9pibfq5PiwVs126+HDwg8iSUpuuMd2fCkVqU6jx5xJUsmrDvjN8+2pM9LT940h70kvTAvjxHp44dvWZQ60pYf7oPnFBMWpQF4sa45mlIPNlh0g4hKDzIEd+1ccXKbfYyeqCCT9gjvEGkWyQBSapD/fKaZCM2mTV3A9aQ1NQClw+J4mgJidlxcybWyiEWnqkJA66VEu/Vc6N4Q/Z504AhM4FOLsk11pXnGPRL6nFR7gIgLNQlhQcMwITkY3FntVoDUlsCcQoO/BUFRtCcHeSk0u0WR3XTGBkqUD7yhXJRGGVDBk22c5uzlgBz7xwGrmLOUTG+G21O5kKxB6qgcmzaPfttDVlzRQj3QcTuVGBG3p4/mqPEJPlB5fSKeagoUBi6chR6RqcomN0NuyHqpQqMUK0bSOo2tZyP4qBTM3c97Rhk9JpmJlyyDuI8zBk9IXDmSltyvmmGz6mN2m0y1e7MQccFA5cYKB5eEfPf21IUQDILnABlPDlmk+1IEhFyrKWcEkYpSAWWvmwz0i+y+PbRW7aiUEIQDMmkBkJ8VH4RvMRl7PUohdoWFEVCE+4ntxO890H2bs9EgMkOo1UolyTqTmfQYQwqddyBOpPhFYtKrs4+FBPcPlFRtWWUtQJd83fvMXE7aKs0U/F+kZjaduvqKn4QSWgmbSqe0/KFlJbF/KOGaCwzMJWq2DAPSI0OuekZCK+baE6CATJ7n1zhNc52A9fpBTU60A4BtWf5xY7As1+YH91NVHcMfXGKopwIO4cs/ONx0W2cyUgj3usr8I90cz/AImL7StPs7Z4UkKmYfCjIDfv39kW0qzSvsDnXxhULgiZhjTGldpSEJmBgyVJBbgbquFFJPKBCxS9Dxd/F4JtUuEH7zHgoEeN2ASZrgQbnowZSwDdWo0PVV1n3VoOyK+fZpayy5KVOAoKl0JSav8Ae/CBprDyZsBqUkJ96Wp0bwetd4EEp/KDlCxVDP6MX3NnUF6oV1VjyPbFHMsxQopUkpUMQoV7I3s4e1AmSzdmBilWH5VfdPdjC22ZX0yzFaEgWiWDQ4uPelljx1r2njz/AB/HTjz+saE7m5cY97MirRXG2zNEO2890CTb5pwCXdsDlzjl1rp2i3EoPn2R0S/GKgbQm6o/t/WIqt86tU0+7+sOtO8XiZY1MeTLHoxSC3Tclj+wRD6bN+2B+UQ607xf+z3+tGziF06aRWicspKvaMxpRL86RJPtyAfaFjw+UZvHGpy0K1KT7Rd0kVJr86xcCSkpBxIQhVR9wHnnSBmyIOSXp8IzA3a+Jh1EhIpqE5N8DdvVHZHTlPGOMvlVWiW7t6HbDRQAhw4CVKbeQEgNzr2w0izhwcOs+nuA7/ug84KmxJYPgFEkPR2xbkO2JJcVTzpJprXtz5xBSOpM1ZI/7hFquysBi/Gr5nDfCyLCVBSXICrocZOqpo2ka48alqmKSDUgEH3X9M0FsqQEzPwnxAh6RsGaoukKO8i6DvcmH5PRyYygVoSClsyQXBq1MtY1JU2Mt7KmBIzbfgc/Q3wxZALkymCPBSBF/I6JpPvTFNqEhPiVQ7J6P2dAKSpSnDF1YhwfhAOIEWcWdjDM3GLSxWIKkLWokAFLBIcqNSwegfF8mNI1kvYtlGEl+N4+Jg/0CTdueyTdxagHY8WcS8lHsLYYWymISrN3UvUILC7L++wKsmFTr5aESUAJuhg1KAD7IGQhL2KQHAFBi5J7fnCi9pSwWBvHRAv564a5xpm3TNptgOY7YrbRaB9pPaIdlz5yg4l3RqspT3MYYTfP2fyoJ7yfKDLNWi2Bve74qp8/hnnG5WUJHXIB+8Up+RhCdNkHOVylXz2qpBWIXMOsAWqNqmzSVFwlSuCUJ8AYkNjSj/KPMj/xEMXWBKCSKMKOcBxJi8sfRyzqs3tl26UlYBUqULqiBUJDFYUFO2XxAZExpU7Cs+cpPf5QZGx7MCPqEU+6+6pMOpaxWwrF7WYGFAf9+uMbKwTCpSig3AAQlRF5qU6px6rH85is2zakSb8uVLuqLC9gAFYsBuLZYxT2PatpUsolVSq9kAK0LlQo2GMPRPK0V0rtIUfrJRGQKW4B3qeEX+w+kZmEImpSFHApduwxhVdHLQBhKO72qX8W0h3ZmxbWCOtKQPxBQ7ACYbVyPo+0k/VK3FKv7VA+UJSsxoT8/ODz54MlSAVFRQUvdNSzPhSsAl+8aKrX3ToBpGmYOIheImD7yWP5S4/yV2RIcFf2K+UeWgkpISqhf3VYMQct8GkZCylZTkp1Dt647SD+bdEVrVJnomp92YbixqQCUq7ElJ16ukGnSSq7dSq8kghwRuUK6pJ5tEp1hVMu3urcUFCtXAIDs7iuogMb032X7CaJiQPZTXUPunFSfMc4y6rQA7Vzr8o+v7T2Qi0WdUlZqAbitDQgtxAj5LbNmmUtUuYCFJqaUbUF6ilI58o1KHLtIIqwricGiP0lnunHGkDMtJ+Lc13lrHPYpJqsnlpgHeMqKi0CuXLyj3t076bsI77ECnW4Xf1x36PAlWZG8ch84A5tCCXDth6eLKRtKVcArRhUCrDfy7YqU2YZEsMm/WJfRgc1dg+cTlxl9tcbZ6a1g9HYghua27IZm+4+Y35XKwuKmlNDvLl+Ne+JKW+NDxyus0cra1IYIYdrHjeHhE5bV0vEdreUCQsNVsCTupSmsTmLoBgSx7xFlSwJchSlXQCSBlVmCSTTKC7PW1ZMhcwn41dRGJNHpnxhjY1slSllc1F66zHJ2cguGY0xPIwn076YFbIkoRLlm7RLKa9WvwuBkKVrHbj6cqam7Xbqlct/iKVOOAJ8YEdoSzgpzoCO2Pn42xNLPNmYEnlg3rSOy9qrITfVecEm8kEZUGbuY1qdX0KXbUOTMvAZAVJ1qaJpmx4QjO20A91gN5APlGVtm1VFKQGoh2UHZnoxoosMTg28xXHaMzq9ds1MkBhQ0pyhp1bNW2jQuK7x84lN2+pI6iATqT8oySLVMmdWWVqKWDMKlwCa4YjwjqbWpBIWllpZ8sQ5BGdYanVZz9qzVHri9uJN0flESTtuemiAlIyZHzhFFrUoOGLe8BRtDwy3U1g8613WeUknMFSi1dLzQ1OtEVtq1nGaocGT4CBC1Tl0Mxaicr5V3PGi2LNklTeylBBSSV3ALn2VFR1OW6NL0ZmWP24TaSwKQRRkqfAkAuHDQ2HVhrFYjiq8BuSflSL+yIQkXhKLfaUkkd4aLq17RsUuasS1AysQVEe8593WBo6QSUqPspJW+66l9a+TxqZhmBS7YeA3CDJmk5whOtwClTJgQhJxSkdVO9yans4PAVbelfA6joASf7QCYumL1Cd5iRKde+M3aukc1AB+jTLupSU+R74JZukUhabwUxcAhTBno+OG+JsXCnTCyzFrQqWhSgAxKakvuxYQLofsxSJqpq0FKLpSkKxqQabmGO+LNe37OmpmJ5OfAQqrpTZRS+o1ySfMRPCY06Z4GET+lmMevpbJyRNPIDxMCPTBLOmSo1aqgPAGL2itRtba6pSLwAJJA6xupD5k8oFsrbgnDGWVpxCCVBjTEpHZXCMpP6XrUCk2dJGBCiTyIYQnZekJlgplyJUu9iyTXiXeM9jH0n6RHfpEfOj0ttB0HBA8yYFO6STlU9qoD8ITycB+ww7xcbzae2SlKkSgpU3AXQFMcTiQHuvR9IJsbasyYklcuYm6WvTAEFWpugYCMPsTapkrqQlJxBcpPMOQd5jVy9spcBSSkKoFghSC/wB4YcwIsujQJtEZTp7IUuXfupZBDKBJUbwLhm6rXRhGhs05wDe0ij6UbSCiiSGUhTG871CrhT2P3Q5el4+3zuYCKH1nHJBrXf4frGtVsqV9hMdOxpTPcEZ6msvNWmt1yXIc1GNGiCVVGXKNTO2LJc9XM4ExE7ElHUczDrV1mQoXi+jcjXzgqmIAFOJ4xoP2HLyKqiteI8Hgn7voLAFQZ/HhvjN4rK6lNCSXZt/GJhVccvLur5QslYAOZYt5D1qYIqhrUMH4UeONdTRXeApQgA9x04RErTLN5Xu6JxYnJ828oECXqS2m/KnDwgG1ZnVQBR5icOz590J7S+m42ftkLkj2aFIlgUBSU95oeIeMB00sdStDMTeI3hr3bj2xe7Q6Y3yhCjcupSFKIvAqzZINHyJpFTb7ZZlpLzryjgVE9wYJHZHq8WOOZWKl3WAzN79IjJA6lcUs3jDs7ZZrdIIxdJSrwL7sIUTYVu1dKpUMa5gDWMNCWhQYAj+WfP12QJCKoJwYv/aHhy2WEkJIxDPV+IhedZ60AA0r2YQC4mEChul2oWeqTUiGLIoE9YnDiXbfygX0UnImowB+UXtm2egAVZTB8wDpXHjmYYhay2NZLigNMcs33RcStloDlQfjhwiSLQmWOtdOpSWO6h8jHFWiSsXnQRm7eGMaYemyZackgYnDwgaJst2CkcmxhO1fRh8NfuuMcIq56wKpSWyBr4Q0zWws0sDR4fRPSB4mMfYbbMuhJUwDvTu/SD2e0zFXgVFg2/Gg9bol55NXjx24ftZTNJmTVFMlGQ+I6Deczk7awjaOla0j2dnCZSPu461Uav6rAdpThMUEJ9xGuZzJjtl2bf8Adlg6slyBg5YFsW5xJuNZNel9JJ9GmrB/EVDgQTBTakTwbyUonpcghgJgFS4wvNpjUM7Qta9kXcAQcgQQC2hz5QhOF0hQyI78R63wMPSbNeNal+UNpsiRlHkTEMUlKiSLyFJUzEFiClutl2x5FpAoqhr63Rz/ANVMSU6eMSEpOnefnHDaU6iOG2IAqRXOLkHlSEHF+0/OOmzjU4Ea+UQTbJZ+LAPrHfpaNe4xMgOmzJ19dm+E7XZwBUOHagrzHhBhbEa9x+UeFrlkM+RHy72PKJZBVqSUVDtpFvsyRMWlSRM9nKIdZUWAfLVzoMYTQm9Q4Cp5RO3q9pdkpJ9mlnIpeUaknw4RrjdQYixBXUtc0Lr1rrJfkq8B2x6Sshg4JBTUYGobtimt2xyioJ3hSSKZqGoix6P/AFiAnO+K40xFe2Ly9Lx8NeiZRs4mTXCFzNqTl88MfWMSQutYxLXSyDKavExyYmBmp5+vW+JTCSM43OXli8fBabMYioANO1/CCJtBJocoWUTUNpn6rHkzCn1wMZ5NcS6mADOW/R+Vd0dSWbgQG4E66sYtBsqcw+pU4zCCOdQTkNIVVsW11/8AjqGhDKypRh6eMW61IH7Sl4ntPr0IS2xLJljE9dMPTthW8gtKI5gPhQjSjQO3bKtEuUkzJTJCkEijUUCwzZn8KxZUsZPbE27aCwOQPDOOzSkhipIKdS2598G6W7NVLn3mNxQSQ+OD1+cVS63Vahq5kU8u+OknhzMKlnd65R0SyA4JfLh/uFVJcmpq58KeIh7Z0pKj1mPVLXq1dzzYjvi+hFLvdA/CXrj3xyalSXBP/dz1hxctIwS2/CKu1rbAnE5vo/r5QE1lWb11zGo1DxKQB8TUhZc1Sgl1KcBg5wAwAgqUhncvV3wfjoz90B6ZMNbo8+NcoLZVOKuW1q2LwBMxmfA/q3fDFjamOAipTKlOz4AM/awgFtU4LAAHSrVyrE3ECtSg1D2tWu+CQSzB0hh+kOIBAAcB1ZcNe7nANnq6gDb4naV0bWnnGc8qLYJBWsJDOo10cnhQDF4dm2y+ZaJJUmUr6TJIwvrMsplzFb1e0DA4MWzJUss4olzFpAvNdD4Oosf+wLHOB2QusKa6j2tnVvSZQWFAjVge6NKX2baVky00CVB1PglKXdR0YB31GTx3aAcPkdzPm7bwQWyeJSrOkEyr/wAKfbLylpS31YIxJUz6kADOJzpomAlKAkJdKUjIIzOpN6u+IDXTdlKrWmLYpbHimOzJDhxjXfmYklN6TLGgB7DePdHJkwCnhECE2QRi+Xm48IjLWXSlTMKB8A8PlWTVfExErb9P9QTHBqAWOTRyTIWpzgBWtNMIklZMe9rBVyiyWVKGvkr1uk9xDM8KWkBQu3Uhs2unm1DzhL2qXxp5QRM5y783io6ZdxJc0LUH3ce0+Mdsk72UsqH8SYJoQcwUIK1KDZuUgcVZgQHaMxkgDNhpvPgBzgy7LMUZNxCylKCbwSboVeVgcKgseA0hFAmTVGau8rq3pijmzqKUcyacCYb6MouGewqLpSODkeECnKKT7RMsgOfZhnK1AFphH2EgsNSXzo/sVwVKIYln1fEvvrE5eiG0l60ODfrBVLAoO7fGys/RuzkBSpbrIBUbysWGQU26CDo1ZP6Q/uVnj8UceztjFLn1qcsvCGkTQ3vDhl646xrv3dsv9FPao4c4kNg2b+inm5xxxMTsYwc+YBiQOeuNOULicB1gaFm9PH0f9i2b+hKPFAPjExsqzj+RK/8AzT8oXkYajzxmT0gnZIl9p/8AKIK29Pb3UAcT5mGGtQ8CtcpK0KQpmUGOfdGTm9JJoOCe9vGBK6TTvu/2wwUPSmy2slKFKSPZC6kMwWMlXsy2RpzjMTp1ReSAQ/wggvjRmMbTbG0JlpQUGjswYsG3PGJtSFJUQrLLLdHXjy1ysdTaqUSimd0DwaBfSmwSgf3DwUIUtIAqHxw8IYFmvAEHLrBmYnARtEzbyRdIDPqof8oHellgUc7xatdDrApybpYYg4HHiYZ2fZDOmhIoKlShkNO3xhuGIiYj7DN97/13CIOhgA+eeG7CuA7Yvl9F05TVcwD8oGejamAEwYv7nc4Pp4neL1qkst28AeqDRzVuUW1yyjGaTw/1WJfu3M/qJ7DHj0amGpWjvh3iXjSMyfLB6rtw+cLFKCXul8an9YnadmzUk3kKHAOORFIXunsjWs5ixlTdIlNDqSNH72hKUSA4qM+MFlKJLn1gw9axFiyTMShAKke1dctmUoMWWrL3mwaHdiWYTUzAZPsgEqUg3lFalsSoJv1Uq6CA2Z0eErBa5iZaxLUEFgVGhokl8cD1hXdDOw9oXFpTOJWRMlTFKUSqhmJlLQ5weXMV3xVBtMtKrMDJuLlIUDMQklKwcApdSVCpF4dUeCUuaLimSBVQoTX3al+UW+3JyZ8/6oCXaUO01JpPYlJKpYDJndVTkUX1qOQ6G0JgCZfUSkqF5SQTdc9YkAhwPdLZQDciUClKLzEsnQDeTWLEbEkD3rSkdnmYX6O9Hl2oKmLNyVgk5qPAmgHyjRWboRZU+8tSzoVgeDRi8pF62qf9m2JPvWjJ6KA8o7c2YnFaj+ZXkI0srorYhjLSeKyf+UFT0bsTfwpfjE/bPh+v+2ZFt2WkNcUQasyjXDMiBr21YE+5Z1f2I83jUK6MWE/y09qvnHJXRqwguJSTxvkdl5oft/o/Wyv71IH8OSB+JX/FKRApnSacrC4n8KB4l41tq6L2JZvFBBYBkkpFM2vM8YPptshNnnpEq8Ja0OHL1BZQ8DziznvgvHCG0bTeWNA5/uLnwiwscySidKmG8qYE3gksJbh0pBY3i5YZYxQoPrdFpZOsEG65Cg5fAA3hyBqeIjSLjpLYwghKlIIUolE1DIKCsXkS56U/CXBSthRjmQm/6I2NEtF9abygsgOXHVAGDMag1jI2YrM91kKQmWkTAc5d1LORnfFM3bLH6TsaSJchCVJ6zXlV+JRvHLUxj8nrw1w9nP22r7HfEhtlX2O8wP2ickiI/SE6J9c44da6bBFbXV9gRA7YVkkd8eNoToO39YkmePsj1zh1q64Nqr0HfHBtZeie/wCcE+kbvXbHhP3d0OtNVR2T95OuMCOzEu5UkbnFYfKcIgdKcGjeJquOzZbVWPHweIfQZQHvtyPyiyVL3D1ygSpAOkMTSPsLOMVk8mim29s2zTU3kzLqxgSOqdxYuOMaFWzwTgPVYXm7IScosmJ7fNLXZVJUUkBi1U9ZPbWFFOAGCgzvji/ypyj6evYadDC8zo4kx07M9XzeUi9R7upVRt515B42exNoWGzS7oN9RqpRcOdwagGQhxfRRJhaZ0RGRiWyklh5XSiyfZT3xH96rPkgHkfnFUvoirIiAr6JTcomcV2rgdL5OSE/2+d6Br6Zyx8A4MIpVdFZ5enoCA/u3PHw1h14ptXq+mYHwNyEVW0dsyJyr65RKmZwq7THLGF17DtDNccDDz74B+wbR/TMXIbQ7bPkqSEypZQX+0VE7oEQzF3cP34Q0nYtoDfVK1DRxeyrQ38Fb4v4Ufd3xrYjtinst8i7jV6Hu8oZlWRaVpUshQmz5QCkhgpIvHDKqkuNUmE5ezbT/RXm1P1i22em2ILJlrrkWuvRixo+FeEXYmEtkWW+L8xwkKEwrqkl2VcSaOb+YwaA7XtXtFrUcaudXNeXyi7XYrVOP1rpAdhTPcCwiY6Muz5Bol5Rcqh/btpACRMVdAAAAAHY0dG2rV/UVGkR0YG+Cy+jyN8Z2LlZb9s2r+oqCftm0MGWt6vWm5o1qNhI09ZQRGxkfZhsMrHp2zavtKMHRtm2aqjXy9mIGKYkmxJGQiauVlZe2LboYhtGfaZ6AmZKUSC6SwoWY90bMWUDIR0SBoIamPmY2XaB/JWaH1jDtgsdpQoKEpYbd67I+hCz7u6JJkjdF7HVm7JLnzFJMyWEpSQboATeIZnbEUGOkaWXaphqR3x72US9n6/WJbqyYmm0K0ETTPOkDTKOXhE0yTjEURM6JCZ6eBiXvEe9n6HjEBRMjxmQK7WJIQd3fAEf04jz+OccSg65gduEdCanhpAcfL16rHEmuflEpaHGJglwkAuavn+kUBEdPD15R2+zivpo6hD0x4wEbh9f6jiUGOlPri7RMyvB/XOAipJ3dvyjxRv9ef6xIoqx5txaPIl79e4trARVLji5e7/X+4KlFW1jhlkFjpq8QBUgaesNI8UD9YKpQoa8+148VJ3uKGg4U5mLgCW01jlzQeMMSikuz0xy1NGjyqN31MQASgVph/ox66NMYOCDgOHZ3RAqBD5VOm7IseEAMpGLDIYxHeB5vug/tAGbPcPWkeE3fRqU8axQvTTu/SJFA0PqsE9ppgP0Ose9ph6367xEEbj5evTRG4aUNeEd9oDh4bzE3LAlqjLg8AH2ROXeO2I3Tp4/KGSWpHkgmAXut/ojyjqUgmpHrm+uUMiX2P63R5Urv45QAvY+vXGOpkagvy5CCJlg9sSQkN/qACmWNddD5RIyhq5iaZIrQZiOiUGwHY3LvgoVweXqmMTIHp+cdTLGnrjE0yQefHd84ARbQx5tIJ7MZ57zHQgZQArmkeSMKDn84LSOpgBN6+ceuV+UEujHdT1ziXs8N4+XzgP/2Q==', 450000);

-- --------------------------------------------------------

--
-- Struktura tabeli dla tabeli `osoby`
--

CREATE TABLE `osoby` (
  `id` int(11) NOT NULL,
  `nazwisko` varchar(25) NOT NULL,
  `imie` varchar(25) NOT NULL,
  `mail` varchar(50) NOT NULL,
  `data_urodzenia` date NOT NULL,
  `rodo` tinyint(4) NOT NULL
) ENGINE=InnoDB DEFAULT CHARSET=utf8mb4 COLLATE=utf8mb4_general_ci;

--
-- Dumping data for table `osoby`
--

INSERT INTO `osoby` (`id`, `nazwisko`, `imie`, `mail`, `data_urodzenia`, `rodo`) VALUES
(1, 'Zygar', 'Mateusz', 'xd', '2024-06-27', 0),
(2, 'Pisula', 'Kacper', 'kp', '2024-06-20', 0);

-- --------------------------------------------------------

--
-- Struktura tabeli dla tabeli `rodzaje_paliwa`
--

CREATE TABLE `rodzaje_paliwa` (
  `id` int(11) NOT NULL,
  `nazwa_paliwa` varchar(25) NOT NULL
) ENGINE=InnoDB DEFAULT CHARSET=utf8mb4 COLLATE=utf8mb4_general_ci;

--
-- Dumping data for table `rodzaje_paliwa`
--

INSERT INTO `rodzaje_paliwa` (`id`, `nazwa_paliwa`) VALUES
(1, 'Benzyna'),
(2, 'Benzyna+LPG'),
(3, 'Diesel');

-- --------------------------------------------------------

--
-- Struktura tabeli dla tabeli `rodzaje_skrzyni_biegow`
--

CREATE TABLE `rodzaje_skrzyni_biegow` (
  `id` int(11) NOT NULL,
  `nazwa_typu` varchar(25) NOT NULL
) ENGINE=InnoDB DEFAULT CHARSET=utf8mb4 COLLATE=utf8mb4_general_ci;

--
-- Dumping data for table `rodzaje_skrzyni_biegow`
--

INSERT INTO `rodzaje_skrzyni_biegow` (`id`, `nazwa_typu`) VALUES
(1, 'Manualna'),
(2, 'Automatyczna'),
(3, 'Sekwencyjna');

-- --------------------------------------------------------

--
-- Struktura tabeli dla tabeli `role`
--

CREATE TABLE `role` (
  `id` int(11) NOT NULL,
  `nazwa_roli` varchar(25) NOT NULL
) ENGINE=InnoDB DEFAULT CHARSET=utf8mb4 COLLATE=utf8mb4_general_ci;

--
-- Dumping data for table `role`
--

INSERT INTO `role` (`id`, `nazwa_roli`) VALUES
(1, 'użytkownik'),
(2, 'administrator');

-- --------------------------------------------------------

--
-- Struktura tabeli dla tabeli `statusy`
--

CREATE TABLE `statusy` (
  `id` int(11) NOT NULL,
  `nazwa_statusu` varchar(25) NOT NULL
) ENGINE=InnoDB DEFAULT CHARSET=utf8mb4 COLLATE=utf8mb4_general_ci;

--
-- Dumping data for table `statusy`
--

INSERT INTO `statusy` (`id`, `nazwa_statusu`) VALUES
(1, 'Aktywne'),
(2, 'Nieaktywne');

-- --------------------------------------------------------

--
-- Struktura tabeli dla tabeli `uzytkownicy`
--

CREATE TABLE `uzytkownicy` (
  `id` int(11) NOT NULL,
  `id_osoby` int(11) NOT NULL,
  `haslo` text NOT NULL,
  `id_role` int(11) NOT NULL
) ENGINE=InnoDB DEFAULT CHARSET=utf8mb4 COLLATE=utf8mb4_general_ci;

--
-- Dumping data for table `uzytkownicy`
--

INSERT INTO `uzytkownicy` (`id`, `id_osoby`, `haslo`, `id_role`) VALUES
(1, 1, 'a665a45920422f9d417e4867efdc4fb8a04a1f3fff1fa07e998e86f7f7a27ae3', 0),
(2, 2, 'a665a45920422f9d417e4867efdc4fb8a04a1f3fff1fa07e998e86f7f7a27ae3', 0);

--
-- Indeksy dla zrzutów tabel
--

--
-- Indeksy dla tabeli `kolory`
--
ALTER TABLE `kolory`
  ADD PRIMARY KEY (`id`);

--
-- Indeksy dla tabeli `marki`
--
ALTER TABLE `marki`
  ADD PRIMARY KEY (`id`);

--
-- Indeksy dla tabeli `modele`
--
ALTER TABLE `modele`
  ADD PRIMARY KEY (`id`);

--
-- Indeksy dla tabeli `ogloszenia`
--
ALTER TABLE `ogloszenia`
  ADD PRIMARY KEY (`id`);

--
-- Indeksy dla tabeli `osoby`
--
ALTER TABLE `osoby`
  ADD PRIMARY KEY (`id`);

--
-- Indeksy dla tabeli `rodzaje_paliwa`
--
ALTER TABLE `rodzaje_paliwa`
  ADD PRIMARY KEY (`id`);

--
-- Indeksy dla tabeli `rodzaje_skrzyni_biegow`
--
ALTER TABLE `rodzaje_skrzyni_biegow`
  ADD PRIMARY KEY (`id`);

--
-- Indeksy dla tabeli `role`
--
ALTER TABLE `role`
  ADD PRIMARY KEY (`id`);

--
-- Indeksy dla tabeli `statusy`
--
ALTER TABLE `statusy`
  ADD PRIMARY KEY (`id`);

--
-- Indeksy dla tabeli `uzytkownicy`
--
ALTER TABLE `uzytkownicy`
  ADD PRIMARY KEY (`id`);

--
-- AUTO_INCREMENT for dumped tables
--

--
-- AUTO_INCREMENT for table `kolory`
--
ALTER TABLE `kolory`
  MODIFY `id` int(11) NOT NULL AUTO_INCREMENT, AUTO_INCREMENT=18;

--
-- AUTO_INCREMENT for table `marki`
--
ALTER TABLE `marki`
  MODIFY `id` int(11) NOT NULL AUTO_INCREMENT, AUTO_INCREMENT=19;

--
-- AUTO_INCREMENT for table `modele`
--
ALTER TABLE `modele`
  MODIFY `id` int(11) NOT NULL AUTO_INCREMENT, AUTO_INCREMENT=37;

--
-- AUTO_INCREMENT for table `ogloszenia`
--
ALTER TABLE `ogloszenia`
  MODIFY `id` int(11) NOT NULL AUTO_INCREMENT, AUTO_INCREMENT=44;

--
-- AUTO_INCREMENT for table `osoby`
--
ALTER TABLE `osoby`
  MODIFY `id` int(11) NOT NULL AUTO_INCREMENT, AUTO_INCREMENT=3;

--
-- AUTO_INCREMENT for table `rodzaje_paliwa`
--
ALTER TABLE `rodzaje_paliwa`
  MODIFY `id` int(11) NOT NULL AUTO_INCREMENT, AUTO_INCREMENT=4;

--
-- AUTO_INCREMENT for table `rodzaje_skrzyni_biegow`
--
ALTER TABLE `rodzaje_skrzyni_biegow`
  MODIFY `id` int(11) NOT NULL AUTO_INCREMENT, AUTO_INCREMENT=4;

--
-- AUTO_INCREMENT for table `role`
--
ALTER TABLE `role`
  MODIFY `id` int(11) NOT NULL AUTO_INCREMENT, AUTO_INCREMENT=3;

--
-- AUTO_INCREMENT for table `statusy`
--
ALTER TABLE `statusy`
  MODIFY `id` int(11) NOT NULL AUTO_INCREMENT, AUTO_INCREMENT=3;

--
-- AUTO_INCREMENT for table `uzytkownicy`
--
ALTER TABLE `uzytkownicy`
  MODIFY `id` int(11) NOT NULL AUTO_INCREMENT, AUTO_INCREMENT=3;
COMMIT;

/*!40101 SET CHARACTER_SET_CLIENT=@OLD_CHARACTER_SET_CLIENT */;
/*!40101 SET CHARACTER_SET_RESULTS=@OLD_CHARACTER_SET_RESULTS */;
/*!40101 SET COLLATION_CONNECTION=@OLD_COLLATION_CONNECTION */;
